"","test.date","tau","g","sigma"
"1",2019-07-19,1.95540140001687,0.827705020149038,1.27220106712753
"2",2019-07-22,1.85828514506312,0.914381383254452,1.30352650200294
"3",2019-07-23,1.95612810134566,0.820547186316551,1.26692360055132
"4",2019-07-24,1.95556156984359,0.839496823362936,1.28128362425121
"5",2019-07-25,1.95509126065115,0.80457459693465,1.25419965037822
"6",2019-07-26,1.94936859723817,0.783291812325712,1.23568784950792
"7",2019-07-29,1.95215568903358,0.752419003472949,1.21195669814012
"8",2019-07-30,1.95513076833642,0.721434173599418,1.18764394922619
"9",2019-07-31,1.94990392461135,0.698809138906508,1.16730916320745
"10",2019-08-01,1.95129531533666,0.680207931470971,1.15207922910456
"11",2019-08-02,2.05230821949431,0.705368899428168,1.20317679086329
"12",2019-08-05,2.05566932179869,0.727376389283582,1.22280224437599
"13",2019-08-06,2.05991672613964,0.767018175333499,1.25697795073047
"14",2019-08-07,2.06552607502577,0.767130976727464,1.25878077336388
"15",2019-08-08,2.05530410532615,0.80920934528343,1.28963998442562
"16",2019-08-09,2.05581467626418,0.75998588621753,1.24995605468338
"17",2019-08-12,2.04624390343575,0.796708709919193,1.27681648661282
"18",2019-08-13,2.04898701919582,0.742577968985213,1.23350420315113
"19",2019-08-14,2.04382264915304,0.762702836038242,1.24853086900894
"20",2019-08-15,2.03576251339188,0.735012670484189,1.22323801504031
"21",2019-08-16,2.02620122385224,0.708258688805056,1.19794600131257
"22",2019-08-19,2.03931189959502,0.856914167759247,1.32193617820339
"23",2019-08-20,2.04481575999257,0.785326173189537,1.26722031852106
"24",2019-08-21,2.03261138179296,0.838465683858023,1.30547879808622
"25",2019-08-22,2.02230449241079,0.810827201741228,1.28052313241509
"26",2019-08-23,2.01139327163906,0.788967214971286,1.25973145858038
"27",2019-08-26,2.00527593518701,0.78541997819852,1.25498357809838
"28",2019-08-27,2.00375687850841,0.78501583648418,1.25418534598887
"29",2019-08-28,2.00582620812751,0.777438284929685,1.24876182161118
"30",2019-08-29,1.99694227823533,0.783728780346559,1.25102403499847
"31",2019-08-30,1.99161034307865,0.754142190158629,1.22554371038813
"32",2019-09-02,1.99167144072876,0.760233082121826,1.23050173423658
"33",2019-09-03,2.17247472628864,0.721333253838638,1.25182996576851
"34",2019-09-04,2.17312240904405,0.740182978774695,1.26826977334015
"35",2019-09-05,2.16436950581881,0.722108792848693,1.25016408967997
"36",2019-09-06,2.1601399269339,0.704987471982624,1.23404683307315
"37",2019-09-09,2.15228783484589,0.711858646459982,1.23779025077179
"38",2019-09-10,2.14674128093386,0.676221509910042,1.2048537796676
"39",2019-09-11,2.13746758044628,0.669203900957526,1.19599399789668
"40",2019-09-12,2.13009379801619,0.650010168684229,1.17668289227036
"41",2019-09-16,2.11793684694781,0.61314378395538,1.13956123684342
"42",2019-09-17,2.09800754385382,0.679335001570765,1.19383832996742
"43",2019-09-18,2.12393577178374,0.612318177941233,1.14040540240865
"44",2019-09-19,2.11042963796088,0.666408923118276,1.18592122097145
"45",2019-09-20,2.39415692950524,0.565655832332118,1.16373056619348
"46",2019-09-23,2.37313362473018,0.559457389567678,1.15224439368861
"47",2019-09-24,2.36544133658057,0.521427883676842,1.11058861424693
"48",2019-09-25,2.25204897920493,0.480568233547567,1.0403187971959
"49",2019-09-26,2.24435032426837,0.463199521051138,1.01959893844201
"50",2019-09-27,2.24707862381226,0.440509638888326,0.994916978008324
"51",2019-09-30,2.20052417700519,0.442175022108792,0.986416152857504
"52",2019-10-08,2.19974453639579,0.403617115768099,0.942260338338987
"53",2019-10-09,2.36452990145953,0.382149443473884,0.950580762439528
"54",2019-10-10,2.34100228586685,0.366383950900933,0.926124001721158
"55",2019-10-11,2.344925872395,0.35193487218234,0.908438873660961
"56",2019-10-14,2.35913352503583,0.374356617868442,0.939764463859146
"57",2019-10-15,2.37549157526925,0.359010900315004,0.923486528937007
"58",2019-10-16,2.35749886618403,0.375800401592816,0.941248649755509
"59",2019-10-17,2.33989226622483,0.34567020635266,0.89935034469829
"60",2019-10-18,2.34408737092339,0.373690861071475,0.935929499517529
"61",2019-10-21,2.336415395096,0.325562314004569,0.872151823080908
"62",2019-10-22,2.31492376237536,0.328170604455582,0.871601933434818
"63",2019-10-23,2.32578464227288,0.294222363638419,0.827222977656848
"64",2019-10-24,2.32709267826047,0.267086187808869,0.788374474545263
"65",2019-10-25,2.34283604727946,0.235644980514033,0.743019215571672
"66",2019-10-28,2.33761686544814,0.217321284884491,0.712750938804605
"67",2019-10-29,2.32409808151591,0.215218544011307,0.707240415448189
"68",2019-10-30,2.31690524315281,0.215108824698031,0.70596512930265
"69",2019-10-31,2.32584895255812,0.204610654064624,0.689850328287547
"70",2019-11-01,2.32670499840776,0.229792123707376,0.731203448312906
"71",2019-11-04,2.34073083402368,0.18687322434696,0.661377288907287
"72",2019-11-05,2.40323266993679,0.211399373818361,0.712770567268645
"73",2019-11-06,2.38849343070619,0.203764016866903,0.697631002537088
"74",2019-11-07,2.30146499776028,0.184401118771414,0.651454311828731
"75",2019-11-08,2.53391992233224,0.1899046811698,0.693688153971442
"76",2019-11-11,2.46038743465335,0.296315022628912,0.853844106599793
"77",2019-11-12,2.36969230712892,0.198332815544247,0.68555652374288
"78",2019-11-13,2.33686329034907,0.230252011973274,0.733530827102283
"79",2019-11-14,2.30557526135621,0.204403170150938,0.68648881450668
"80",2019-11-15,2.60397565478186,0.199375616777504,0.720534004919781
"81",2019-11-18,2.30922590000604,0.185143607116907,0.653864215854412
"82",2019-11-19,2.28601811189597,0.19004038294805,0.659117407910676
"83",2019-11-20,2.74104817906905,0.146911929494712,0.63458070946492
"84",2019-11-21,2.73336011327468,0.143689879191772,0.626702628416418
"85",2019-11-22,2.71300360462814,0.145804974255578,0.628943098163972
"86",2019-11-25,2.70521212878631,0.142264786467511,0.620367976165038
"87",2019-11-26,3.48642369860082,0.122592870275451,0.65376653952908
"88",2019-11-27,2.80170608447978,0.126898577931699,0.596265476028146
"89",2019-11-28,3.10887444236682,0.120650802938113,0.612444444586883
"90",2019-11-29,3.2426772571512,0.103809786964607,0.580191033419032
"91",2019-12-02,3.13902419686188,0.11086266568601,0.58991574832089
"92",2019-12-03,2.68092276696106,0.109746134408701,0.542421340216493
"93",2019-12-04,2.92208666695237,0.0818348730275185,0.489007762070759
"94",2019-12-05,2.69083298714205,0.0939742942047559,0.5028609457788
"95",2019-12-06,2.76820936931219,0.082442323336269,0.477721270080499
"96",2019-12-09,3.2012482892807,0.0640562585411884,0.452835497805441
"97",2019-12-10,3.25309790331734,0.0761475897957876,0.497710322082379
"98",2019-12-11,3.04281001091949,0.0658724538123838,0.447702313936564
"99",2019-12-12,2.60751549505994,0.0662379180803758,0.415591623778789
"100",2019-12-13,3.19089276180797,0.157171153650013,0.70817815311321
"101",2019-12-16,2.66114609512406,0.0956958824720592,0.504639201766937
"102",2019-12-17,2.65529482629783,0.229231353016199,0.780177432183965
"103",2019-12-18,2.68010480496826,0.175525037197899,0.685875714387325
"104",2019-12-19,2.66445910790765,0.211713557489199,0.751067318234275
"105",2019-12-20,1.39021556053413,0.238760294576611,0.576132169521991
"106",2019-12-23,2.07681488755084,0.186621919561214,0.622558576270575
"107",2019-12-24,3.31040287790241,0.123938037345208,0.640534804291815
"108",2019-12-25,3.06009432751625,0.110180225051052,0.580656423096471
"109",2019-12-26,5.51048488312648,0.0625146488853425,0.586929320835686
"110",2019-12-27,3.82271399808593,0.0801720659975461,0.553601733147837
"111",2019-12-30,3.35918634851707,0.132687594131888,0.667624411496022
"112",2019-12-31,3.96067119655789,0.0940664373525258,0.610382035273783
"113",2020-01-02,2.42537316217427,0.146592140870013,0.596272290360536
"114",2020-01-03,4.5153906357468,0.050261254578087,0.476391853690615
"115",2020-01-06,2.29079730503671,0.179827587551732,0.641832184402405
"116",2020-01-07,1.74382614354196,0.219296250012901,0.618396744778958
"117",2020-01-08,3.45555564199437,0.150249894866104,0.720553170774807
"118",2020-01-09,2.45976099125739,0.229202992085632,0.75085589763397
"119",2020-01-10,3.1307052186519,0.085074109382442,0.516083286123252
"120",2020-01-13,4.77627256721405,0.0892210246806166,0.652797007193474
"121",2020-01-14,1.92480660245674,0.202850816004441,0.624858856029971
"122",2020-01-15,4.29190011334332,0.075953581625124,0.570951123639932
"123",2020-01-16,2.94979178290385,0.111192923584498,0.572709326191402
"124",2020-01-17,2.12304004011163,0.190192507759729,0.635441822123117
"125",2020-01-20,5.90521748102502,0.0481275306776351,0.533107433334162
"126",2020-01-21,2.31948588454981,0.141458001348717,0.572808726701136
"127",2020-01-22,5.69644168400552,0.070287794277403,0.632764032794693
"128",2020-01-23,5.16684908109081,0.153982462921571,0.891966449509409
"129",2020-02-03,6.894343889272,0.871049668808611,2.45057461861561
"130",2020-02-04,7.42133217670216,0.126141407502592,0.967541878325422
"131",2020-02-05,7.3257375643194,0.317358530725954,1.52475745936734
"132",2020-02-06,7.25492933569395,0.306767157444272,1.49183579852807
"133",2020-02-07,7.19689418945708,0.246692388671664,1.33244850505165
"134",2020-02-10,7.10948617605794,0.238207362678487,1.30135773406006
"135",2020-02-11,7.05831783253379,0.212024910163609,1.22333119160315
"136",2020-02-12,6.9817893706992,0.202612140610925,1.18936760074082
"137",2020-02-13,6.92134127984858,0.186057091352127,1.13479717429329
"138",2020-02-14,6.82610328049253,0.171907064818471,1.08326145463466
"139",2020-02-17,6.84806462562542,0.227923514256891,1.24933380460582
"140",2020-02-18,6.811361337033,0.150813204367125,1.01353008309585
"141",2020-02-19,3.64387331371023,0.440640109708545,1.26713722095017
"142",2020-02-20,6.64958924335115,0.215378626396838,1.1967369791797
"143",2020-02-21,6.65921673355712,0.158913588422607,1.02870794067774
"144",2020-02-24,6.58069989640734,0.175161220689996,1.073630954681
"145",2020-02-25,3.76379629210233,0.296977885763555,1.05724371138979
"146",2020-02-26,6.47201951495482,0.171615304972608,1.05389639094535
"147",2020-02-27,6.43744858017346,0.15211721162687,0.989568960713369
"148",2020-02-28,1.8048829956807,1.56651269593275,1.6814791486685
"149",2020-03-02,6.52439260784438,0.266607872177745,1.31888378200264
"150",2020-03-03,2.4423927888173,0.267655660174508,0.808529686713081
"151",2020-03-04,2.42427830554809,0.38938363561089,0.971583398554608
"152",2020-03-05,2.37846669907518,0.522056142787446,1.11431286031688
"153",2020-03-06,2.44585164303561,0.408240985115581,0.999248159467618
"154",2020-03-09,2.41927614272935,0.786611077729989,1.37950332147436
"155",2020-03-10,2.56815846559064,0.488435692029012,1.11999118629609
"156",2020-03-11,2.03474174617462,1.75886198906338,1.89177956297952
"157",2020-03-12,2.5531962828265,0.510488442411265,1.14165546185806
"158",2020-03-13,2.49092757475269,0.47563146740091,1.08846843664344
"159",2020-03-16,2.50806330578881,0.883526438834603,1.48860345321893
"160",2020-03-17,2.63374545443666,0.380053396012966,1.00048183601321
"161",2020-03-18,2.59502051711084,0.548737617279251,1.19330858345617
"162",2020-03-19,2.5841191459428,0.432074686075885,1.05666099992662
"163",2020-03-20,2.0091090996397,0.580404313886612,1.07985905955348
"164",2020-03-23,1.99759187397863,0.964715535657103,1.38820312444886
"165",2020-03-24,2.06394372438137,0.718233479181844,1.21753582370211
"166",2020-03-25,2.09915902400534,0.720650820045727,1.22994336132028
"167",2020-03-26,2.11164731389002,0.571474113269679,1.09852254243761
"168",2020-03-27,2.07192718215234,0.603912806929413,1.11859883797855
"169",2020-03-30,2.03646471818076,0.614904653576014,1.11903155990022
"170",2020-03-31,2.00983800067935,0.53874188756967,1.04056903576613
"171",2020-04-01,1.99135535509692,0.530861090834613,1.0281697700507
"172",2020-04-02,2.04379930114527,0.607783827194275,1.11453495291402
"173",2020-04-03,2.07429571037867,0.484422629653283,1.00241497529724
"174",2020-04-07,2.05177222809897,0.756723446651916,1.2460433990001
"175",2020-04-08,2.1068161759599,0.536284778987981,1.06294564644339
"176",2020-04-09,2.07722370552057,0.689543473152855,1.19680242664364
"177",2020-04-10,2.05254016729428,0.698567857114211,1.19742999223654
"178",2020-04-13,2.05318923169009,0.616668143324631,1.12522726211217
"179",2020-04-14,2.03110749262583,0.703983253063205,1.19576990260659
"180",2020-04-15,2.06573599763858,0.56762579711952,1.0828504247116
"181",2020-04-16,2.05420874445515,0.625369471378981,1.13341935602935
"182",2020-04-17,2.02509477699719,0.61300293101428,1.11417639262416
"183",2020-04-20,2.03062888305715,0.562334996691334,1.06859425706639
"184",2020-04-21,2.01890836844877,0.576216955096565,1.07857741154102
"185",2020-04-22,1.83397128861041,0.570699482783884,1.02305741082818
"186",2020-04-23,1.81888762612329,0.542538724699802,0.993386618114609
"187",2020-04-24,1.81379316218349,0.609332265158841,1.05128621033612
"188",2020-04-27,1.78085079987652,0.53045805388008,0.971939632669275
"189",2020-04-28,1.77479208399602,0.491236090977791,0.933724759037978
"190",2020-04-29,1.74979242857386,0.467703630312576,0.904645936893245
"191",2020-04-30,1.74200860290159,0.517647987806531,0.949603732108121
"192",2020-05-06,1.76750013523235,0.42775854581901,0.869518997826899
"193",2020-05-07,2.18735786220208,0.471485402460424,1.01553301373482
"194",2020-05-08,2.16647067208152,0.481661111652802,1.02152076448694
"195",2020-05-11,2.16718680026514,0.423973578699532,0.958556176454357
"196",2020-05-12,2.16953534662249,0.422554871895164,0.95746944100796
"197",2020-05-13,2.14117772763327,0.392755692191981,0.917038570902368
"198",2020-05-14,2.13019939432915,0.410438030120386,0.93504804324275
"199",2020-05-15,2.12322253593309,0.345128170403438,0.856027983880161
"200",2020-05-18,2.12107707025269,0.350362917741999,0.862059598339571
"201",2020-05-19,2.16435130005615,0.340612414776042,0.858606384052548
"202",2020-05-20,2.12615046553925,0.313765896517893,0.816770167765608
"203",2020-05-21,8.71193412297252,0.111385072482914,0.985078379497625
"204",2020-05-22,9.24344955372726,0.126126027485301,1.07974051163805
"205",2020-05-25,8.20458269151297,0.116716209223582,0.978574366113687
"206",2020-05-26,8.3418318799201,0.174590451504249,1.20681572507479
"207",2020-05-27,8.59254525563244,0.160634816808984,1.17484549327196
"208",2020-05-28,8.53164383453836,0.155698500306496,1.15254681041022
"209",2020-05-29,7.67576963347172,0.147818886826233,1.06518717733288
"210",2020-06-01,8.23992030893568,0.169901169380178,1.18320416500604
"211",2020-06-02,8.15794198750692,0.135797294935462,1.05253335060884
"212",2020-06-03,8.46239740687507,0.157530601371287,1.15459367421957
"213",2020-06-04,8.92837900065205,0.147014070504757,1.14568640556439
"214",2020-06-05,8.69947050477758,0.140709270719717,1.10638878807359
"215",2020-06-08,8.81696055076079,0.132914139179008,1.08254271129579
"216",2020-06-09,8.98218562259325,0.128522304983983,1.07443529354246
"217",2020-06-10,9.33433565346527,0.121626266379056,1.0655047605055
"218",2020-06-11,9.18656702004341,0.120449922377343,1.05191315443742
"219",2020-06-12,8.6775598813899,0.114392499154527,0.996317098817065
"220",2020-06-15,9.386164914278,0.122412715943276,1.07190761703062
"221",2020-06-16,9.53842252257195,0.121728535689544,1.07754267036663
"222",2020-06-17,9.15850521341638,0.124653709322561,1.06847632014115
"223",2020-06-18,9.35712216625893,0.126856933720158,1.08950255917852
"224",2020-06-19,9.48052552959949,0.124239686651671,1.08529144523055
"225",2020-06-22,5.32686809635187,0.336643623723812,1.33912515436559
"226",2020-06-23,4.9492768281404,0.32421764660248,1.26674499628136
"227",2020-06-24,5.91141588065453,0.320006744403053,1.37538829091307
"228",2020-06-29,3.83203616904508,0.328861193674275,1.12258985776425
"229",2020-06-30,5.54609938128477,0.296081885538437,1.28144432660742
"230",2020-07-01,4.75701184836167,0.308511918164756,1.21144329213981
"231",2020-07-02,5.02939723576163,0.314437718216759,1.25755007487518
"232",2020-07-03,6.08567924346473,0.340808629645029,1.44015693708166
"233",2020-07-06,5.47425382886413,0.409506248370967,1.49724451847003
"234",2020-07-07,1.70758072993426,0.138840918452825,0.486910748368136
"235",2020-07-08,4.26481395678171,0.852631720443075,1.90691259929249
"236",2020-07-09,4.22141759920301,0.664849947106305,1.67529378544294
"237",2020-07-10,1.76277992592717,0.666242574962876,1.0837153855799
"238",2020-07-13,1.73929618379695,0.558622027319254,0.985702369024896
"239",2020-07-14,1.74107239340159,0.40409953557837,0.838788737157279
"240",2020-07-15,1.67773081369849,0.536589891653937,0.948816839831032
"241",2020-07-16,1.68025281492975,1.89530111646882,1.78454056722906
"242",2020-07-17,2.10813798082777,0.298053933422769,0.792678255904406
"243",2020-07-20,1.64386219431233,1.15967671929075,1.38070587616125
"244",2020-07-21,4.13377031716653,0.914715912622637,1.94453734555018
"245",2020-07-22,1.79796201270571,1.78533919631945,1.79163948794865
"246",2020-07-23,1.72864105063866,1.41037938546128,1.56142233322151
"247",2020-07-24,1.70708982643176,2.29071789751737,1.97748861389315
"248",2020-07-27,5.17102045596648,0.00692328234188576,0.18921002777951
"249",2020-07-28,1.77425205464171,2.02704826971058,1.89644260587868
"250",2020-07-29,2.13999209957403,0.473147628616829,1.00624658368225
"251",2020-07-30,1.74554171379269,1.19158137035771,1.44220490476827
"252",2020-07-31,4.03745878996991,0.0626477021861942,0.502928937190004
"253",2020-08-03,7.74869992108793,0.00623897905668347,0.219872637051982
"254",2020-08-04,1.57962910980142,0.358877965499185,0.752923688808383
"255",2020-08-05,1.48447792245055,0.543338344585808,0.898094525625482
"256",2020-08-06,2.24313436003038,0.233971429226833,0.724451069544468
"257",2020-08-07,1.51080388382705,0.45406836882761,0.828256153099853
"258",2020-08-10,1.55019258102064,0.362847100868936,0.749988589121109
"259",2020-08-11,1.42017385074074,0.527960107704963,0.865907119266756
"260",2020-08-12,4.05231105109067,0.0604173704389665,0.4948029687741
"261",2020-08-13,3.18060670052199,0.0814005221510705,0.508825162683297
"262",2020-08-14,3.01114514505166,0.134834671432312,0.637186602392142
"263",2020-08-17,1.76097741340903,0.619443977965679,1.04442656710264
"264",2020-08-18,1.62947475259757,0.368226322797788,0.774606671957347
"265",2020-08-19,2.72187722738298,0.363831731953921,0.995140847219471
"266",2020-08-20,1.60283757582415,0.711715282948814,1.06806554049771
"267",2020-08-21,4.48723817790308,0.248787114987112,1.05658271826702
"268",2020-08-24,3.78051914259651,0.24621671194231,0.964793756574469
"269",2020-08-25,2.57902588083366,0.204856675058319,0.726863581999358
"270",2020-08-26,3.80191314052187,0.26927487515241,1.01181010385069
"271",2020-08-27,3.66489998620089,0.164721070587675,0.776972489425311
"272",2020-08-28,2.86533088141344,0.215685153092079,0.78613569427747
"273",2020-08-31,2.85273806755067,0.148003386807006,0.649780651967086
"274",2020-09-01,3.99265830548973,0.21314287295495,0.922500223284268
"275",2020-09-02,2.12941286782146,0.221424552519241,0.686661700829513
"276",2020-09-03,3.22150527926024,0.169953740742203,0.739937073696833
"277",2020-09-04,3.29825427527513,0.171349851318867,0.751768168839444
"278",2020-09-07,3.71689406713565,0.31116065462466,1.07543070027801
"279",2020-09-08,4.42526120501398,0.165596375261059,0.85604159661415
"280",2020-09-09,3.5012633502526,0.428842518864013,1.22535325287387
"281",2020-09-10,3.90658092890919,0.243979128450901,0.976280805023932
"282",2020-09-11,3.22752674109135,0.313222591386542,1.00545228112228
"283",2020-09-14,3.68537020256521,0.294623826217969,1.04201625232501
"284",2020-09-15,2.27333889684018,0.155235327687977,0.594055981029405
"285",2020-09-16,3.24629156755298,0.2158604336561,0.837105671672417
"286",2020-09-17,3.62071857084892,0.190322024853079,0.830121972861286
"287",2020-09-18,3.43533182008421,0.368812043929077,1.12560728060006
"288",2020-09-21,3.28942574957252,0.173937232612982,0.756408363099277
"289",2020-09-22,3.53597249165096,0.36806909499393,1.14082522540721
"290",2020-09-23,0.969022955244929,0.777861930921608,0.868197020885342
"291",2020-09-24,0.963679509430428,1.3009651480567,1.1196934650454
"292",2020-09-25,1.05633620494904,0.717041099770337,0.870308263849015
"293",2020-09-28,1.00451377691385,0.803349889186551,0.898318446526681
"294",2020-09-29,1.03395551330478,0.702065671759901,0.85200039437677
"295",2020-09-30,0.942669512408227,0.641824529739437,0.777835725909472
"296",2020-10-09,0.943705980185745,0.960223842973811,0.951929085032768
"297",2020-10-12,1.07797148364743,1.3889405319569,1.22361688691012
"298",2020-10-13,1.27756082240024,0.750345900972775,0.979087598905954
"299",2020-10-14,1.2459354359447,1.50018034990581,1.36716050932419
"300",2020-10-15,1.28589776333872,1.24115541748442,1.26332853023232
"301",2020-10-16,1.21387297987964,1.18013216134422,1.19688367995503
"302",2020-10-19,1.24019567636056,1.07427255928948,1.1542565500198
"303",2020-10-20,1.200058286993,0.947525986255713,1.06634253968759
"304",2020-10-21,1.20689738751605,0.85716777201212,1.01711038963545
"305",2020-10-22,1.20207277504065,0.785305793331212,0.971593903976939
"306",2020-10-23,1.22667527628888,0.783887433511871,0.980599476892864
"307",2020-10-26,1.1970905659551,0.707024864446891,0.91998521462307
"308",2020-10-27,1.23477009052187,0.613228606290606,0.870170294655046
"309",2020-10-28,1.22744435353734,0.545919785765176,0.81858790518904
"310",2020-10-29,1.25302250580049,0.429583906871551,0.733674521460134
"311",2020-10-30,1.25691736423352,0.690712274890404,0.931755467920088
"312",2020-11-02,1.21190783819264,0.357585624156588,0.658301466457715
"313",2020-11-03,3.31600590190451,0.66499030035067,1.48496187179068
"314",2020-11-04,3.0921973181898,0.498190528684942,1.24117018041328
"315",2020-11-05,3.29843603659468,0.698609798573983,1.51799859523472
"316",2020-11-06,3.33857887965868,0.53018682922531,1.33043998373652
"317",2020-11-09,3.31249303008057,0.774598958588136,1.60182822157398
"318",2020-11-10,3.43093648543773,0.537801300166546,1.35836744022273
"319",2020-11-11,3.46802658754845,0.829300062056418,1.69588757418269
"320",2020-11-12,3.48587502266321,0.681987953922797,1.54185757264952
"321",2020-11-13,3.45672155386705,0.648562634940301,1.49729771229069
"322",2020-11-16,3.4631116613557,0.547560738715698,1.37704901130892
"323",2020-11-17,3.46599810529013,0.530312933045849,1.35575205002529
"324",2020-11-18,3.39680129489931,0.565161869772912,1.3855477512783
"325",2020-11-19,3.42851183435555,0.496669746010651,1.30492838959227
"326",2020-11-20,3.4258709130386,0.416793199948743,1.19493920366547
"327",2020-11-23,1.47280647618852,0.661342393926993,0.986929258231659
"328",2020-11-24,1.49606209142475,0.518392780153945,0.880651910153269
"329",2020-11-25,1.49061038833414,0.755418025019145,1.06114747119729
"330",2020-11-26,1.49942620589532,0.543094332242534,0.902402279494947
"331",2020-11-27,1.51471628786451,0.898429246777831,1.16656136297591
"332",2020-11-30,1.52204022247115,0.690944321857707,1.02549746433401
"333",2020-12-01,1.50639508656258,1.00006609648284,1.22739343895084
"334",2020-12-02,2.73053279786577,0.770181867590819,1.45017476525357
"335",2020-12-03,2.34626556507662,0.815840011741935,1.38353797423916
"336",2020-12-04,2.17017777570397,0.684924931592003,1.21918368778725
"337",2020-12-07,2.0866520786207,0.652470366756181,1.16682417142867
"338",2020-12-08,2.08017193835587,0.536548150485543,1.05646221239416
"339",2020-12-09,2.05342161687405,0.665379238380809,1.16889011951952
"340",2020-12-10,2.06770402673887,0.515293860475574,1.03221857678457
"341",2020-12-11,2.08463271121338,0.670772049965469,1.18250300512332
"342",2020-12-14,2.10509018089075,0.572435455875482,1.09773779080307
"343",2020-12-15,2.08975208389879,0.570708134220283,1.09207990219802
"344",2020-12-16,2.08042757590769,0.534363290096843,1.0543738067072
"345",2020-12-17,2.1019895344434,0.553528357271408,1.07866158455845
"346",2020-12-18,2.06965829052142,0.451996522914255,0.967201298043145
"347",2020-12-21,2.0761465613515,0.528532520344103,1.04752612123749
"348",2020-12-22,2.08886457560241,0.70968430344841,1.21755262774734
"349",2020-12-23,1.94302484831015,0.539959725693108,1.02428275593629
"350",2020-12-24,1.9392046071975,0.945131069688328,1.35381037252087
"351",2020-12-25,1.92419080166637,0.86251742827515,1.28827330243391
"352",2020-12-28,1.92196023748527,0.716688958722838,1.17364717070763
"353",2020-12-29,1.91582452144625,0.714178575457815,1.1697182684534
"354",2020-12-30,1.91019382407544,0.676795478411322,1.1370182685531
"355",2020-12-31,1.90314116620645,0.794649085791626,1.22976802196933
"356",2021-01-04,1.92381168363636,0.64006025332497,1.1096645410113
"357",2021-01-05,1.90600772636709,0.77631534807803,1.21641401321017
"358",2021-01-06,1.86254461596528,0.698739134175821,1.14080358183318
"359",2021-01-07,1.83979302856716,0.647030986732349,1.09105595578646
"360",2021-01-08,1.82148331356307,0.565782702173906,1.01516685875397
"361",2021-01-11,1.80064744666337,0.64415152826612,1.07698180329878
"362",2021-01-12,1.81342303249166,0.865392715859527,1.25272626023812
"363",2021-01-13,1.83389504000885,0.606151182093521,1.05433279676619
"364",2021-01-14,1.81751644793404,0.862863410143567,1.25230525043074
"365",2021-01-15,1.81433630067291,0.676217746993807,1.1076490443864
"366",2021-01-18,1.79755001556926,0.737013385073177,1.15100756809547
"367",2021-01-19,1.79456632659945,0.663562221479589,1.09124077007359
"368",2021-01-20,1.78533282536879,0.58902355691726,1.0254770066071
"369",2021-01-21,1.82340027168607,0.689722011095547,1.12144518475915
"370",2021-01-22,1.80747702104396,0.570549853589387,1.01550763154336
"371",2021-01-25,1.82348797774875,0.570278019041289,1.01975247569994
"372",2021-01-26,1.8032354941403,0.747410516118832,1.16092944288583
"373",2021-01-27,1.81680239828319,0.510305467534524,0.962872887391553
"374",2021-01-28,1.80886403675623,1.07167841648917,1.39230763359077
"375",2021-01-29,1.83322865387379,0.67577586094986,1.113037138594
"376",2021-02-01,1.83512956687807,1.00277997441148,1.35655120806984
"377",2021-02-02,1.71031872997748,0.890046816896742,1.23380052743356
"378",2021-02-03,1.66915954404081,0.746286795137047,1.11609664755998
"379",2021-02-04,1.69048123186723,0.673508472707784,1.06703019292617
"380",2021-02-05,1.67959603775257,0.607036392616477,1.00974052103015
"381",2021-02-08,1.67368556151287,0.655891424050172,1.04773852002916
"382",2021-02-09,1.69453169791961,0.862004967522146,1.20859204913421
"383",2021-02-10,1.68899534703067,0.715125038960234,1.09901904594459
"384",2021-02-18,1.68521587986972,0.742666005654458,1.11872809304509
"385",2021-02-19,1.68608398613387,0.744352412740211,1.1202859827568
"386",2021-02-22,1.67021074628263,0.84783207155733,1.18998245237403
"387",2021-02-23,1.67567843369213,0.587135554946181,0.991892326352603
"388",2021-02-24,1.67067091812688,1.15213927330594,1.38738804144481
"389",2021-02-25,1.67749475156805,0.693484721399004,1.07857173170794
"390",2021-02-26,1.68109347158288,1.44103240375755,1.55644150750878
"391",2021-03-01,1.7787150523907,0.945923012377334,1.29712277773475
"392",2021-03-02,1.59017393942221,1.34991220902075,1.46512634789382
"393",2021-03-03,1.55509045934039,1.34040114830888,1.44376072720657
"394",2021-03-04,1.56396632260406,1.41420992354083,1.48720432137294
"395",2021-03-05,1.60045262702403,0.970660763563332,1.24639342464331
"396",2021-03-08,1.57671578356286,1.8047698534698,1.68689333203503
"397",2021-03-09,1.62859529061767,1.29140720608136,1.45023435833448
"398",2021-03-10,1.62058994587458,1.38827385756932,1.49994088406756
"399",2021-03-11,1.59111891154659,1.92085854835795,1.74823178174356
"400",2021-03-12,1.6125599740511,1.1107442875694,1.33833545105116
"401",2021-03-15,1.58432988824729,1.25593478641745,1.41060803195311
"402",2021-03-16,1.58890329990977,0.950702128252989,1.2290540056533
"403",2021-03-17,1.55453620476597,0.87610444925048,1.16702017356874
"404",2021-03-18,1.5636207314062,0.761973472398667,1.09152989799828
"405",2021-03-19,1.56003809824416,0.925601934032264,1.20165480937697
"406",2021-03-22,1.60502057155605,0.715423864212955,1.07157361830344
"407",2021-03-23,1.59963571309853,1.00901479334684,1.2704550753499
"408",2021-03-24,1.60103455405606,0.975681064475666,1.24983962889794
"409",2021-03-25,1.60329880893183,0.804156598164387,1.13547492972396
"410",2021-03-26,1.58883778273208,1.10915207763267,1.32750243982396
"411",2021-03-29,1.59039672514087,0.764446407213875,1.10262099679747
"412",2021-03-30,1.57827947011444,0.801255643176228,1.12454672287921
"413",2021-03-31,1.57633793452987,0.706037452974757,1.05496617022678
"414",2021-04-01,1.57172945944443,0.677923025377746,1.03223620854042
"415",2021-04-02,2.31203873184756,0.634130841380274,1.21084064448228
"416",2021-04-06,2.29144722886934,0.608712815829912,1.18103060714391
"417",2021-04-07,2.37400648507118,0.576773416377238,1.17015547295914
"418",2021-04-08,2.28568921292348,0.561002233308407,1.13237659508619
"419",2021-04-09,2.29194423303811,0.606080558213852,1.17860207031668
"420",2021-04-12,2.3347757480204,0.618044787243341,1.20124767656224
"421",2021-04-13,2.30273903283333,0.675662543530002,1.24734698941793
"422",2021-04-14,2.28520478661772,0.788377849383677,1.34223873996952
"423",2021-04-15,2.29277220759625,0.722881457144851,1.28740145810403
"424",2021-04-16,2.33570974549378,0.678054557118083,1.25846678026763
"425",2021-04-19,2.2821259700898,0.757097622114917,1.31445507542924
"426",2021-04-20,2.25748646161782,0.624505562644867,1.18735540293368
"427",2021-04-21,2.45214405925837,0.704008184784483,1.31389858360093
"428",2021-04-22,2.40515493302917,0.649721247920593,1.25007210373245
"429",2021-04-23,2.44521229078363,0.599010006130029,1.2102506473006
"430",2021-04-26,2.45468942372407,0.63685367487616,1.25031115334477
"431",2021-04-27,2.46199384495986,0.569165524594135,1.18375758426889
"432",2021-04-28,2.47808008970346,0.674456768949941,1.29281007518528
"433",2021-04-29,2.50258993338453,0.616021009763673,1.24163117623066
"434",2021-04-30,2.36588786051489,0.6302748363558,1.22113045335959
"435",2021-05-06,2.45427835248959,0.57160185349041,1.1844281553832
"436",2021-05-07,2.4967648671248,0.656859965841276,1.28063456354
"437",2021-05-10,2.43048668006175,0.587296591237787,1.19474538804262
"438",2021-05-11,2.39166751294448,0.597711932771673,1.19562879344271
"439",2021-05-12,2.3636040377074,0.570405301618171,1.16112543423801
"440",2021-05-13,2.33840988049425,0.593739905958539,1.17830694750441
"441",2021-05-14,2.35222726242006,0.713092767602841,1.29512788889359
"442",2021-05-17,2.38080932735025,0.641534212052392,1.23586837319701
"443",2021-05-18,2.3391500888185,0.683247332850741,1.26420649394109
"444",2021-05-19,2.31656843034347,0.64495216344373,1.22232394270728
"445",2021-05-20,2.29670228120646,0.575980768702084,1.15015492235139
"446",2021-05-21,2.2611511873244,0.591482492151418,1.15647366567932
"447",2021-05-24,2.22262569790776,0.54200331448603,1.09757482438685
"448",2021-05-25,6.14221367783061,0.179355294756253,1.04958970299979
"449",2021-05-26,6.20919206993117,0.0697296192263764,0.658000454969247
"450",2021-05-27,6.16488858788566,0.1767734323909,1.04392936350504
"451",2021-05-28,6.15305404243401,0.160276041933397,0.99306955835108
"452",2021-05-31,6.15163077379623,0.145425158837208,0.94583396132047
"453",2021-06-01,6.27009789300962,0.127202136175536,0.893067660382208
"454",2021-06-02,7.03611835000477,0.129731715127496,0.955409703418467
"455",2021-06-03,7.05466073462531,0.108779403507082,0.876014718288098
"456",2021-06-04,7.11072285894803,0.0963920124728433,0.827899079906875
"457",2021-06-07,7.1554704342396,0.0867960956787719,0.7880779761146
"458",2021-06-08,7.2732721026741,0.0825177661480412,0.774709085076155
"459",2021-06-09,7.32933209859323,0.0669888918348477,0.700702387019153
"460",2021-06-10,7.38525591879195,0.0633391631853277,0.683941466651767
"461",2021-06-11,7.40674598527784,0.0623396860942549,0.679510279320411
"462",2021-06-15,7.51124302033993,0.0669339027203585,0.709053460348657
"463",2021-06-16,7.38879495166997,0.0709152675635308,0.72386350299607
"464",2021-06-17,7.47993306548252,0.0526944935490104,0.627814689750167
"465",2021-06-18,7.68710498540192,0.05768423511462,0.665901472688484
"466",2021-06-21,7.70647265175092,0.0511952767571156,0.628120211605654
"467",2021-06-22,6.65989629887855,0.0519517650410814,0.588212009157673
"468",2021-06-23,12.2586383005265,0.0333828822083375,0.639709839240488
"469",2021-06-24,11.7956194831671,0.0135889429039823,0.40036233548357
"470",2021-06-25,11.6702817609224,0.0219811125203796,0.506483737677103
"471",2021-06-28,11.3657408807825,0.00293646902933183,0.182688658903142
"472",2021-06-29,12.0982295606181,0.0371818863552894,0.670697395718148
"473",2021-06-30,11.6907723069626,0.0175956428035911,0.453548953930476
"474",2021-07-01,11.8773843647587,0.0180440477876089,0.462942859400062
"475",2021-07-02,10.4239618645354,0.069894799833512,0.85356940432156
"476",2021-07-05,10.7788749450213,0.0290376959186985,0.559458392554091
"477",2021-07-06,10.4850383282903,0.0416454950947444,0.660798465698145
"478",2021-07-07,10.3699258806585,0.0392449257672673,0.637939629901222
"479",2021-07-08,10.0871477027225,0.0201853209808499,0.451234212090236
"480",2021-07-09,10.085614146599,0.0200230984296911,0.449383182575
"481",2021-07-12,10.0043689790528,0.0149997519594364,0.387379727394804
"482",2021-07-13,10.0211323279227,0.00500940735726944,0.22405341776386
"483",2021-07-14,9.91030066539221,0.0301496984679821,0.546619224678951
"484",2021-07-15,10.0473495391094,0.0169314757947835,0.412451761449942
"485",2021-07-16,10.2732358292615,0.0275939831775573,0.532427926250794
"486",2021-07-19,10.0403568256517,0.0107957008859227,0.329230449803277
"487",2021-07-20,2.87322699663147,0.151308011464116,0.659349879309402
"488",2021-07-21,2.96954496228552,0.143749047917386,0.653352325377675
"489",2021-07-22,3.03760121749571,0.115833993174454,0.593175757001338
"490",2021-07-23,3.1565743010261,0.127024211582447,0.633215099227154
"491",2021-07-26,3.14666294479769,0.318218093255009,1.00066232186973
"492",2021-07-27,1.36292186624642,0.98571216540704,1.15907232908838
"493",2021-07-28,1.38636922907928,0.759137663928687,1.02588746844177
"494",2021-07-29,1.37413827745083,1.09060875158472,1.22419248130162
"495",2021-07-30,1.39416514491297,0.880606300784896,1.10802103362032
"496",2021-08-02,1.36514189923828,1.19781652237633,1.27874529218911
"497",2021-08-03,1.37738425623607,0.86850538066722,1.09373929150751
"498",2021-08-04,1.3602299373158,1.06788414410231,1.20522528283837
"499",2021-08-05,1.34785020613243,0.947124874779256,1.12985948582307
"500",2021-08-06,1.32571225337853,0.909039088319488,1.09778151659845
"501",2021-08-09,1.30470502591445,0.917872972560327,1.09432786698068
"502",2021-08-10,1.30323523846807,0.845861597483585,1.04993173145091
"503",2021-08-11,1.30085697114511,0.780245694261352,1.00746615356836
"504",2021-08-12,1.27913106837377,0.79749722152717,1.01000171930406
"505",2021-08-13,1.2588680658729,0.74201899619376,0.966490568282686
"506",2021-08-16,1.24538993391493,0.683705463446374,0.922756686206475
"507",2021-08-17,1.22016363067448,1.04628763111647,1.12988588570389
"508",2021-08-18,1.29260167074205,0.693373300603399,0.946707709278786
"509",2021-08-19,1.29560112583163,0.78684798297603,1.00967377533642
"510",2021-08-20,1.45811507207384,0.739040608529372,1.0380781522464
"511",2021-08-23,1.4542673278952,0.75147949395204,1.04539565506925
"512",2021-08-24,1.48016709877694,0.686167968979895,1.00779127398417
"513",2021-08-25,1.47956511327384,0.718000736866964,1.03069337902854
"514",2021-08-26,1.47139786901756,0.787965009861048,1.07675904285497
"515",2021-08-27,1.47203071576226,0.702773577575629,1.01710584130535
"516",2021-08-30,1.45619772950097,0.685664180738173,0.999231015927283
"517",2021-08-31,1.43692562014804,0.674214919961707,0.984274703514744
"518",2021-09-01,1.41946112033837,0.653005088419198,0.962764423103686
"519",2021-09-02,1.46448944664433,0.640335223327611,0.968382247295935
"520",2021-09-03,1.46368728320627,0.602590629724418,0.939150808819803
"521",2021-09-06,1.45225171730124,0.663313253042045,0.981477361348179
"522",2021-09-07,1.45801217249085,0.694799071739494,1.00649168105431
"523",2021-09-08,1.48514260326359,0.5917584752456,0.937467718073292
"524",2021-09-09,1.46767095509303,0.694013130755269,1.00924868811542
"525",2021-09-10,1.45293199602096,0.647711889593992,0.970093463844752
"526",2021-09-13,1.43987621016152,0.623526985284012,0.947523969356016
"527",2021-09-14,1.42764477644247,0.729761858668983,1.02070598390316
"528",2021-09-15,1.44189468017636,0.565152792020689,0.902713024333562
"529",2021-09-16,1.42718192582917,0.728974002414435,1.01998947085018
"530",2021-09-17,1.43879237822271,0.571317234443292,0.90664595210274
"531",2021-09-22,1.42685619586273,0.608464064012606,0.931767524491063
"532",2021-09-23,1.47878660337175,0.542880565139499,0.8959935864498
"533",2021-09-24,1.46900185112899,0.563134478277799,0.909530423363972
"534",2021-09-27,1.47287930160532,0.542666509201439,0.894025877185449
"535",2021-09-28,1.46094898333174,0.505525538749326,0.85938758536766
"536",2021-09-29,1.45298927829902,0.73466757304436,1.03318154588021
"537",2021-09-30,1.09870449383239,0.715922925823974,0.886897815895626
"538",2021-10-08,1.48312364002128,0.595642352920422,0.939899598156194
"539",2021-10-11,1.6990016984117,0.58043886415574,0.993059220804459
"540",2021-10-12,1.67753346181786,0.66632279254022,1.05725057619192
"541",2021-10-13,1.67855070267784,0.549485596312995,0.960385044553762
"542",2021-10-14,1.67340035843215,0.561258139055062,0.969128253157291
"543",2021-10-15,1.6592848398807,0.541445040083575,0.947845739896148
"544",2021-10-18,1.64322036054551,0.508275656336363,0.913897645943759
"545",2021-10-19,1.64289809476756,0.505727144981475,0.911514214350113
"546",2021-10-20,1.64048296715621,0.45988441551505,0.86858076798478
"547",2021-10-21,1.63157765146585,0.458154260837299,0.864589065918598
"548",2021-10-22,1.62863298554147,0.44100284470781,0.847485563068045
"549",2021-10-25,1.63416857761317,0.435613547954379,0.843721501474056
"550",2021-10-26,1.63299819335361,0.399829495533927,0.808035174888067
"551",2021-10-27,1.63180498151962,0.466670592549079,0.8726484960454
"552",2021-10-28,20.7176172371241,0.0968218725520325,1.41630452082687
"553",2021-10-29,20.3421150373836,0.0993243582949807,1.4214315046638
"554",2021-11-01,8.7489484058829,0.192747622109883,1.29859116014086
"555",2021-11-02,14.3598960612267,0.0817882899258357,1.08373029041385
"556",2021-11-03,22.2931822301382,0.10336890759871,1.51803224406742
"557",2021-11-04,11.1218176805229,0.166600864536573,1.36121432581106
"558",2021-11-05,21.2598430207151,0.104907523241871,1.49342474728866
"559",2021-11-08,16.5727701986688,0.0951988325030513,1.2560686184499
"560",2021-11-09,9.21785790178347,0.183148795696692,1.29932273651117
"561",2021-11-10,10.6761491576564,0.161490031490919,1.31304671039216
"562",2021-11-11,22.5019703946794,0.0976236976128058,1.48213547069844
"563",2021-11-12,9.75098662346592,0.1006464304097,0.99065735581208
"564",2021-11-15,10.4376417839157,0.148826995101539,1.24635583307756
"565",2021-11-16,21.0385062215166,0.0871726052586645,1.35424569339549
"566",2021-11-17,15.4669144894802,0.0769730636460752,1.09111676433238
"567",2021-11-18,25.5426866164097,0.0846965762818434,1.47084265149266
"568",2021-11-19,21.1257915727905,0.0859003489668836,1.34711278974864
"569",2021-11-22,20.2337054599786,0.0865783003831666,1.32355575219881
"570",2021-11-23,0.689937674188829,0.844735593618476,0.763423153150106
"571",2021-11-24,0.676149205677835,0.827538120028324,0.748023557466795
"572",2021-11-25,0.680456451576889,0.815134068150482,0.744757165506389
"573",2021-11-26,0.67279812312251,0.790797684619154,0.729415655152392
"574",2021-11-29,0.672004415403734,0.795617492840611,0.731203438286049
"575",2021-11-30,0.668017290925823,0.810920030317799,0.736008560962699
"576",2021-12-01,0.649919170369727,0.814220963285886,0.727446089381476
"577",2021-12-02,0.645035816542047,0.788768749662031,0.713291030716844
"578",2021-12-03,0.650693255111622,0.769950626551952,0.707814721142703
"579",2021-12-06,0.622938715057968,0.790863473473296,0.7018970550955
"580",2021-12-07,0.624217746660627,0.767352779960404,0.692094807956722
"581",2021-12-08,0.618846366456567,0.806748801987116,0.706578774626662
"582",2021-12-09,0.63002757338269,0.785285493163357,0.703385750261078
"583",2021-12-10,0.635903554279621,0.798080892567772,0.712392080378845
"584",2021-12-13,0.64109778256663,0.775626462847491,0.70516126200432
"585",2021-12-14,0.627594060274094,0.778777983089696,0.699111176036639
"586",2021-12-15,0.623939862833493,0.778270766993207,0.696845862156803
"587",2021-12-16,0.610609331744615,0.786234482060116,0.692879579497983
"588",2021-12-17,0.60301104931086,0.809285851782689,0.698575916186575
"589",2021-12-20,0.618594595679816,0.79828600151296,0.702720005651445
"590",2021-12-21,0.647342592375699,0.981585958092918,0.797133865013559
"591",2021-12-22,0.805473678740035,0.964826381737691,0.881556722533324
"592",2021-12-23,0.800323467264186,0.924203903260093,0.860036087798769
"593",2021-12-24,0.802309731156759,0.889112163946347,0.844596555299628
"594",2021-12-27,0.681547945681872,0.926975387288262,0.794844746415281
"595",2021-12-28,0.636584263212053,0.969953990028919,0.785784605405419
"596",2021-12-29,0.637592620920474,0.932662273713791,0.771141091844303
"597",2021-12-30,0.618272052122934,0.896586358868716,0.744536290588438
"598",2021-12-31,0.790449946262435,0.900425555269195,0.843647634842804
"599",2022-01-04,0.781923686487601,0.88329747181764,0.831066312293326
"600",2022-01-05,0.759395910015452,0.841278049968735,0.799289128120752
"601",2022-01-06,0.763482517914773,0.821617601724068,0.792016840305425
"602",2022-01-07,0.646081830380632,1.00284047671325,0.804932923152411
"603",2022-01-10,0.622446913356068,0.981484795378843,0.781615110773502
"604",2022-01-11,0.634214315616892,0.948847049717645,0.775739893431931
"605",2022-01-12,0.614155499964126,0.914037061761131,0.749240207578083
"606",2022-01-13,0.638082426774754,0.959159280812071,0.782318785127964
"607",2022-01-14,0.624970731261082,0.922955546199478,0.759486802143236
"608",2022-01-17,0.624252266307457,1.08129012432454,0.821582503857928
"609",2022-01-18,0.62977919760164,1.14327475217914,0.848534416547494
"610",2022-01-19,0.623981414599284,1.09541203307661,0.826750718154041
"611",2022-01-20,0.644611115276687,1.02297201048019,0.812046260118515
"612",2022-01-21,0.638584394433542,0.994214826609861,0.796799895197977
"613",2022-01-24,0.642143603999715,0.932533098820515,0.773834714215916
"614",2022-01-25,0.615951308265281,1.05364024061454,0.805599829100943
"615",2022-01-26,0.717781565299439,0.94559896113102,0.823852840297433
"616",2022-01-27,0.676475942755695,2.01044515531927,1.16619800282937
"617",2022-01-28,0.771022864176292,1.79022072819894,1.17486216781532
"618",2022-02-07,0.683895417881132,2.09653934658091,1.19741958082127
"619",2022-02-08,0.696367102315773,2.02122006668311,1.18638575555281
"620",2022-02-09,0.684765043228245,1.77803573815902,1.10342046342354
"621",2022-02-10,0.793936270606157,1.47301503274036,1.08142501434019
"622",2022-02-11,0.712742671099785,1.37870176761011,0.991291874523557
"623",2022-02-14,0.661531736463944,1.32735844176527,0.937064424087828
"624",2022-02-15,0.662120604525775,1.28386063068436,0.921992720641314
"625",2022-02-16,0.684790174927184,1.32416011977282,0.95224568261076
"626",2022-02-17,0.676222894139311,1.10146763336882,0.863039762025735
"627",2022-02-18,0.665112653537023,0.977566335317299,0.806344677722469
"628",2022-02-21,0.657578046479748,0.928614736228337,0.781432443773188
"629",2022-02-22,0.624569504055583,0.91953895476678,0.757836386655112
"630",2022-02-23,0.647930083138589,0.880747112298537,0.755422100348979
"631",2022-02-24,0.672144917002414,1.01589592365016,0.826334848160798
"632",2022-02-25,0.678636204641336,0.946219515148547,0.801335647851745
"633",2022-02-28,0.72186818726834,1.32428882299465,0.977733078132713
"634",2022-03-01,0.776472889693839,1.19485253506591,0.963208492830412
"635",2022-03-02,0.774318640373035,1.12223554776191,0.932184479339413
"636",2022-03-03,0.771765714486172,1.05112782905961,0.900679976468052
"637",2022-03-04,0.781837893250232,0.981847460146446,0.876153839079639
"638",2022-03-07,0.789781162298696,0.934688200203843,0.859185156496472
"639",2022-03-08,0.800105336726075,1.05168613009499,0.917311116933504
"640",2022-03-09,0.817151575761919,1.65050117593161,1.16133958716192
"641",2022-03-10,0.810803170037233,2.37931325071568,1.38894014492773
"642",2022-03-11,0.819157728543809,2.30903066775838,1.37530371807065
"643",2022-03-14,0.817416125772975,1.58040979501367,1.13659687302655
"644",2022-03-15,0.647352445485372,1.68828643584178,1.04542639765885
"645",2022-03-16,0.698854925974393,2.63563937761116,1.35717705629577
"646",2022-03-17,0.925844272727799,7.81896761804464,2.69056618350316
"647",2022-03-18,0.919163257201444,5.51571536921006,2.25163116530199
"648",2022-03-21,0.75517562006112,4.45554991627996,1.83431803969213
"649",2022-03-22,0.934158094381043,2.08355825689853,1.39512465779808
"650",2022-03-23,0.879031851385553,1.34439192215444,1.08708938009678
"651",2022-03-24,0.937228128893725,1.03951373367391,0.987046863918084
"652",2022-03-25,0.910858150082344,0.954862253085063,0.932600699886355
"653",2022-03-28,0.941698660359481,0.965852928670413,0.953699328422333
"654",2022-03-29,0.962843221571476,1.20691940525996,1.07799543985011
"655",2022-03-30,0.951153980364985,1.00899800849959,0.979649157588943
"656",2022-03-31,0.956173122161154,0.940031479130713,0.948067948160986
"657",2022-04-01,1.13950444075113,0.875233065019994,0.998665091150433
"658",2022-04-06,1.15625537816268,0.887700929004972,1.01311843994767
"659",2022-04-07,1.09633322185198,0.850386070126442,0.965560200132423
"660",2022-04-08,1.2673940499308,0.839501318484788,1.03149356563998
"661",2022-04-11,1.16359213878929,1.12764993905368,1.14548007594592
"662",2022-04-12,1.3810961509573,0.987435699440764,1.16779434996727
"663",2022-04-13,1.42577806156344,2.10253047668709,1.73139880658067
"664",2022-04-14,1.28302966713047,1.56756118967849,1.41817753169335
"665",2022-04-15,1.25931363021841,1.29993602932275,1.27946362204563
"666",2022-04-18,1.35918856772512,1.03393398168987,1.18545824375867
"667",2022-04-19,1.22899675604813,1.20281389671393,1.21583484782722
"668",2022-04-20,1.36016454821155,0.924221925487473,1.1212019879254
"669",2022-04-21,1.29027776445233,0.869956159478517,1.05947396788382
"670",2022-04-22,1.38340813842134,1.13603062904064,1.25363232955709
"671",2022-04-25,1.36602266070718,1.87220490573623,1.59921053233239
"672",2022-04-26,2.90228857215615,1.01757796139531,1.71851822470277
"673",2022-04-27,2.54065793088061,4.94143947837699,3.54323403132012
"674",2022-04-28,2.71791429352635,2.16538704547235,2.42597122858168
"675",2022-04-29,2.45088723964186,1.55118884006758,1.94981766696183
"676",2022-05-05,2.8248125279962,1.05370577855318,1.72525977292667
"677",2022-05-06,1.9383021185538,1.16542233594101,1.50297723960291
"678",2022-05-09,1.13656958288353,0.898006070470487,1.01027045138493
"679",2022-05-10,1.08943870041192,1.24618119121491,1.16517724721819
"680",2022-05-11,2.11984587413312,1.03691910484211,1.48260199858537
"681",2022-05-12,1.50756893389124,1.60008572192748,1.55313860487106
"682",2022-05-13,1.7968113847144,0.856067147544117,1.24023836289128
"683",2022-05-16,1.68146227975104,0.818030433052983,1.17281171415833
"684",2022-05-17,1.6249348799537,0.779719604851442,1.12560809454571
"685",2022-05-18,0.97914464638883,0.811727581710515,0.891514843375029
"686",2022-05-19,1.4262166891898,0.756235621998133,1.03853544236755
"687",2022-05-20,1.37118204040899,0.762771694418058,1.02269196159859
"688",2022-05-23,0.973748102383929,0.798657353152045,0.881867950481689
"689",2022-05-24,1.49951007977609,0.752548087324565,1.06228689272691
"690",2022-05-25,0.997380485417561,0.784266129650551,0.884427347546094
"691",2022-05-26,0.981823979943592,1.32510726082648,1.14062355081631
"692",2022-05-27,1.78755324728811,1.10206076951362,1.40356414433146
"693",2022-05-30,1.70210874721293,0.976361679913191,1.28913682587371
"694",2022-05-31,1.78493009016204,0.865550732548605,1.24295918963086
"695",2022-06-01,1.82758730233369,0.822371528818543,1.22595096307704
"696",2022-06-02,1.55534072675249,0.796189159907458,1.11280969918622
"697",2022-06-06,0.962360856452394,0.959843120303013,0.961101163933717
"698",2022-06-07,0.908873643731166,0.807797169024642,0.856846285168552
"699",2022-06-08,0.90223959342163,0.80083598657973,0.85002702011707
"700",2022-06-09,1.54096575713336,0.7627906139339,1.08417443980887
"701",2022-06-10,0.903852622185454,0.798608847878257,0.849602672580111
"702",2022-06-13,0.908118966413838,0.904682817899929,0.906399263858727
"703",2022-06-14,0.916495170759341,0.845254977319647,0.880154591406392
"704",2022-06-15,0.910225895862501,0.985754467410555,0.947237690972669
"705",2022-06-16,0.906494645354517,0.893462683353194,0.899955075703087
"706",2022-06-17,1.38458870145457,0.799099547904445,1.05186700935335
"707",2022-06-20,1.44603384446756,0.831714051893025,1.09667071993218
"708",2022-06-21,0.90864859089401,0.852485969878334,0.880119409675108
"709",2022-06-22,0.901856552108738,0.825927357369301,0.863057355457538
"710",2022-06-23,0.918642406530814,0.814025884848532,0.864753547454782
"711",2022-06-24,0.936571202060803,1.10395413329018,1.01682429634405
"712",2022-06-27,0.960486210242698,0.923354559817019,0.941737395386295
"713",2022-06-28,0.927758404327006,0.85905264336461,0.892744817761967
"714",2022-06-29,0.928531561123763,0.817651293588572,0.871329462425471
"715",2022-06-30,0.939383039451709,0.807456995640848,0.870925603476924
