test.date,tau,g,sigma
2019-07-19T00:00:00Z,2.52828767913724,1.0263717032270159,1.610888863790413
2019-07-22T00:00:00Z,2.4935183663452576,1.0017304261048197,1.580453484168145
2019-07-23T00:00:00Z,2.5515328756979834,1.0215711775541714,1.6144882918110524
2019-07-24T00:00:00Z,2.4800841606380737,1.0022527215271213,1.5766011225467955
2019-07-25T00:00:00Z,2.5084521726483806,1.001915647250182,1.5853256706920278
2019-07-26T00:00:00Z,2.595725853818392,1.0287061223369542,1.634086618796965
2019-07-29T00:00:00Z,2.5318850437366245,1.016343774546307,1.604140144148454
2019-07-30T00:00:00Z,2.4939092933401965,0.9758492830731705,1.5600255113156156
2019-07-31T00:00:00Z,2.4396812932969323,0.9253284105905921,1.5025000544006812
2019-08-01T00:00:00Z,2.5657454097098404,1.0320477313997216,1.6272589620095168
2019-08-02T00:00:00Z,1.7516678846980422,0.9308502623003077,1.2769261959620837
2019-08-05T00:00:00Z,1.7554531034292662,0.9510433519557011,1.2920959730942618
2019-08-06T00:00:00Z,1.7656784247112451,0.9170838814377982,1.2725074550293078
2019-08-07T00:00:00Z,1.753678820515994,0.8978173530373537,1.2547841554280714
2019-08-08T00:00:00Z,1.8406167071490238,0.9985209125070154,1.3556895935272577
2019-08-09T00:00:00Z,1.729260967473158,0.8825865803537767,1.2354037897875325
2019-08-12T00:00:00Z,1.650271624663856,1.0093922379647682,1.290647654656066
2019-08-13T00:00:00Z,1.7317199485808352,0.8923659814329019,1.2431122119431823
2019-08-14T00:00:00Z,1.7287778300983712,0.8978444848781691,1.2458626089314468
2019-08-15T00:00:00Z,1.852357104402146,1.0123412715517983,1.369385828186664
2019-08-16T00:00:00Z,1.7093991870116683,0.8636659721554755,1.2150514024732502
2019-08-19T00:00:00Z,1.8705215998065217,1.0133805566652812,1.376789824216596
2019-08-20T00:00:00Z,1.9567099049466017,1.020281746684587,1.4129385689314136
2019-08-21T00:00:00Z,1.800997519262895,1.0175145128172014,1.3537138225628682
2019-08-22T00:00:00Z,1.9088283052686084,1.0192630417283426,1.3948469968298456
2019-08-23T00:00:00Z,1.750596789642866,0.8578915233923087,1.225488533896749
2019-08-26T00:00:00Z,1.690669215204816,0.9529500093912531,1.269300297213757
2019-08-27T00:00:00Z,1.8795116629406041,1.0074896598267242,1.3760772383614193
2019-08-28T00:00:00Z,1.7477554296093243,0.8305932991370611,1.2048543266154297
2019-08-29T00:00:00Z,1.7409452228199538,0.836976715518912,1.2071166532254392
2019-08-30T00:00:00Z,0.6552787110110069,1.8476313424785618,1.1003242633528028
2019-09-02T00:00:00Z,0.6883799801809741,1.6642267878155477,1.0703365840767627
2019-09-03T00:00:00Z,1.2440637983671388,0.7352570873478427,0.9564030138295866
2019-09-04T00:00:00Z,0.5683024408044491,1.5152304097141662,0.927959665191158
2019-09-05T00:00:00Z,1.4201884205273647,1.0120560938961722,1.1988787868152055
2019-09-06T00:00:00Z,0.5619911531735359,1.4446470426284659,0.9010432050770428
2019-09-09T00:00:00Z,0.569203933727976,1.3365413456395834,0.8722182017867623
2019-09-10T00:00:00Z,0.5680271491804672,1.2669715592453759,0.8483361614895844
2019-09-11T00:00:00Z,0.5516437697048739,1.2620222534276968,0.8343780398190586
2019-09-12T00:00:00Z,0.5609644858717613,1.3070761168598408,0.8562845799671618
2019-09-16T00:00:00Z,0.5539257582970661,1.2073988720388436,0.817807639828058
2019-09-17T00:00:00Z,0.564326860566853,1.4344141850047454,0.8997102054418906
2019-09-18T00:00:00Z,0.5621943634894986,1.1721929380772003,0.8117883115130428
2019-09-19T00:00:00Z,0.5636250610198822,1.2241211268788537,0.8306294870956731
2019-09-20T00:00:00Z,1.094946194076121,0.649694874015417,0.8434340102307624
2019-09-23T00:00:00Z,1.0629457020011903,0.6983481365096177,0.8615719065774131
2019-09-24T00:00:00Z,1.0766165881458554,0.6146494866056071,0.8134751583022867
2019-09-25T00:00:00Z,1.0397762241551924,0.638670471047795,0.8149075842483579
2019-09-26T00:00:00Z,1.024034496397689,0.618579205351461,0.7958934884984084
2019-09-27T00:00:00Z,1.0111916849296252,0.5969438453541571,0.7769328496028726
2019-09-30T00:00:00Z,0.9891042398763497,0.6184590844951419,0.7821256309981092
2019-10-08T00:00:00Z,1.171589881201516,0.6294779553704468,0.858772381339453
2019-10-09T00:00:00Z,2.3117017852797606,0.5946630275721984,1.172469011308409
2019-10-10T00:00:00Z,1.9111061882830922,0.5274943145128537,1.0040406609045585
2019-10-11T00:00:00Z,1.9207013087291795,0.47978317159118494,0.9599584186731348
2019-10-14T00:00:00Z,2.3087621408035575,0.5129899008846444,1.088288409281766
2019-10-15T00:00:00Z,2.0192668918869288,0.5315854273769293,1.03605639504411
2019-10-16T00:00:00Z,2.3627836003658693,0.5780983860669767,1.1687263948405673
2019-10-17T00:00:00Z,1.9602900900334996,0.5424588869775108,1.031201619661556
2019-10-18T00:00:00Z,1.9265638516369492,0.5976854475594411,1.0730699781083575
2019-10-21T00:00:00Z,2.0356129950420563,0.5476520934358299,1.055844552081395
2019-10-22T00:00:00Z,2.015376346364213,0.5840069874471281,1.0848934826112488
2019-10-23T00:00:00Z,1.9918511454914645,0.5704103549258741,1.0659139359532246
2019-10-24T00:00:00Z,1.9712268936642527,0.5472475416734331,1.0386284569750246
2019-10-25T00:00:00Z,1.9392026951639465,0.5328492551827025,1.0165149835424947
2019-10-28T00:00:00Z,3.4864919998918387,0.18735516377213585,0.8082154908376706
2019-10-29T00:00:00Z,3.2199773507795193,0.22245453537435114,0.8463442358069156
2019-10-30T00:00:00Z,3.2340682630587585,0.25290074463732354,0.9043772840664982
2019-10-31T00:00:00Z,3.0904071632355947,0.24251076026323692,0.8657118404406962
2019-11-01T00:00:00Z,3.6986812823308304,0.25272612055161514,0.966826443391131
2019-11-04T00:00:00Z,4.796977175852163,0.18725854345741177,0.9477736855117496
2019-11-05T00:00:00Z,4.68060826450203,0.25542720972242583,1.0934142439192382
2019-11-06T00:00:00Z,4.667548891617847,0.25040422250418565,1.081098492833026
2019-11-07T00:00:00Z,4.830923090650861,0.22717213469659903,1.0475930083091658
2019-11-08T00:00:00Z,5.05072482855121,0.19426099678707814,0.9905346231665011
2019-11-11T00:00:00Z,4.204890321625593,0.29357034766522616,1.111049554976631
2019-11-12T00:00:00Z,4.557541339980315,0.22371561101598791,1.0097490508063478
2019-11-13T00:00:00Z,4.353183597254276,0.20485036056007722,0.9443258068493905
2019-11-14T00:00:00Z,3.9607242918261045,0.24214055451348807,0.979311991296857
2019-11-15T00:00:00Z,5.061976706718084,0.14170487814427585,0.8469396627828034
2019-11-18T00:00:00Z,4.19470476215506,0.2098310911082735,0.9381788087140249
2019-11-19T00:00:00Z,4.282796932596883,0.2056299340226163,0.9384408615795459
2019-11-20T00:00:00Z,5.347822772104189,0.13367386024518996,0.8454963712839338
2019-11-21T00:00:00Z,5.826845711796031,0.12183170643313863,0.8425524056049729
2019-11-22T00:00:00Z,6.1683746539400826,0.11278014642109639,0.8340684604105003
2019-11-25T00:00:00Z,6.463281863570914,0.07555762462346859,0.6988205956347907
2019-11-26T00:00:00Z,5.628028562088529,0.09111208387949174,0.7160875717572435
2019-11-27T00:00:00Z,5.226743730102309,0.11937261048547175,0.7898924252079422
2019-11-28T00:00:00Z,5.612131053760963,0.0949429341604594,0.7299535527258545
2019-11-29T00:00:00Z,6.463052254784989,0.06590803179290658,0.6526615152493562
2019-12-02T00:00:00Z,5.73392752284178,0.08851602911969536,0.7124215715305691
2019-12-03T00:00:00Z,2.7105087232239806,0.12731526106585425,0.5874428701742292
2019-12-04T00:00:00Z,2.6137832589453867,0.08871887959016414,0.4815515779489904
2019-12-05T00:00:00Z,2.7441624371057065,0.0885442441007225,0.49292980096878014
2019-12-06T00:00:00Z,3.026359667734336,0.06978644224641381,0.4595637868340132
2019-12-09T00:00:00Z,2.8221975571347286,0.07238387167481783,0.4519752048692766
2019-12-10T00:00:00Z,2.557460890079296,0.08541909739335035,0.4673927693593129
2019-12-11T00:00:00Z,2.2722444170041483,0.13860187307461921,0.5611927763969535
2019-12-12T00:00:00Z,2.5026831384326647,0.08404300184318012,0.45862076230388027
2019-12-13T00:00:00Z,2.486196557657348,0.21195313615139158,0.7259181479232139
2019-12-16T00:00:00Z,2.9364520011719435,0.03439142713867333,0.31778731101873214
2019-12-17T00:00:00Z,2.9560088616809392,0.1515971464054332,0.6694195307727459
2019-12-18T00:00:00Z,2.8749523173996887,0.09588545678499703,0.5250391568149512
2019-12-19T00:00:00Z,2.9831945597110083,0.16856658095319893,0.7091310931334688
2019-12-20T00:00:00Z,2.6408332793717526,0.10379194856261577,0.52354296088764
2019-12-23T00:00:00Z,2.3459230238477713,0.19048461075444276,0.6684775494042624
2019-12-24T00:00:00Z,2.2854188071429444,0.12616467057691116,0.536972169607948
2019-12-25T00:00:00Z,2.430558443066591,0.11744954269381952,0.5342920340308033
2019-12-26T00:00:00Z,2.5207104037066026,0.1064502731288541,0.5180060916179576
2019-12-27T00:00:00Z,3.240964952458196,0.09426159674143905,0.5527192156979451
2019-12-30T00:00:00Z,3.1015342195875806,0.0803386066541979,0.49917225252610076
2019-12-31T00:00:00Z,2.5873321050117752,0.1491773500091734,0.62126592295032
2020-01-02T00:00:00Z,2.172157322401456,0.24864777825071618,0.7349163845133313
2020-01-03T00:00:00Z,1.7144656394579219,0.11095633539617142,0.43615458786639477
2020-01-06T00:00:00Z,4.21937383361962,0.1233100281754408,0.7213120727579381
2020-01-07T00:00:00Z,1.5388776200744219,0.20394965018295858,0.5602263402309482
2020-01-08T00:00:00Z,1.5411872248006688,0.2534364636598869,0.6249744315500249
2020-01-09T00:00:00Z,1.6365497326010274,0.22342299894646625,0.6046840903999038
2020-01-10T00:00:00Z,1.7174777583491991,0.15154889459693413,0.5101782588200339
2020-01-13T00:00:00Z,1.7762617849156341,0.19210560935195004,0.5841488274059962
2020-01-14T00:00:00Z,1.7102115784276983,0.17413365053073446,0.5457154802014916
2020-01-15T00:00:00Z,1.5955183459447027,0.23646570632115166,0.6142356002562613
2020-01-16T00:00:00Z,1.6634543089982503,0.20196599937260143,0.5796216109907323
2020-01-17T00:00:00Z,3.3142797121447107,0.16846333116769657,0.7472179071257677
2020-01-20T00:00:00Z,3.2112905341119085,0.16608772063629396,0.7303122107096073
2020-01-21T00:00:00Z,5.181802171444946,0.13246181316047284,0.8284871218482958
2020-01-22T00:00:00Z,4.997549339342475,0.08073844669282992,0.6352120676823527
2020-01-23T00:00:00Z,6.5641396543761745,0.16657741084460026,1.0456755653874448
2020-02-03T00:00:00Z,3.7697485805290047,1.8583904918662972,2.6468216635771995
2020-02-04T00:00:00Z,2.553005428843776,1.0003048973935922,1.5980562673275485
2020-02-05T00:00:00Z,2.4948427886207925,2.9468578961425713,2.711447431037809
2020-02-06T00:00:00Z,5.899571955884766,0.6576755556032726,1.9697726426945823
2020-02-07T00:00:00Z,5.847885650833159,0.5695957980533836,1.8250838595010486
2020-02-10T00:00:00Z,2.3325821334183074,1.9996844071390316,2.15972871457683
2020-02-11T00:00:00Z,5.594788801240643,0.5063887123895073,1.6831927688626411
2020-02-12T00:00:00Z,2.246302446545381,1.5604682410309265,1.872240269726121
2020-02-13T00:00:00Z,2.2114158640342017,1.3820069978485856,1.7481968422487908
2020-02-14T00:00:00Z,2.1860391445090612,1.227795691970004,1.6382946756020476
2020-02-17T00:00:00Z,5.197434014052148,0.47125149600291344,1.5650234996633445
2020-02-18T00:00:00Z,5.2506643644711515,0.3676003858192068,1.389297033102265
2020-02-19T00:00:00Z,2.148871317239959,0.9881612220223079,1.4571998170506764
2020-02-20T00:00:00Z,4.982863172172684,0.47590766016413505,1.5399294637049912
2020-02-21T00:00:00Z,5.078072746015435,0.35751728092890905,1.3474044532042473
2020-02-24T00:00:00Z,2.105175504233381,0.8719453514715878,1.354842424397816
2020-02-25T00:00:00Z,2.1232073701949177,0.7504847361005402,1.2623132427838404
2020-02-26T00:00:00Z,2.1161936675769213,0.7855397147124781,1.2893231440972148
2020-02-27T00:00:00Z,2.1118504278722456,0.5976835815500149,1.1234849030710716
2020-02-28T00:00:00Z,2.0317024750110138,1.2544966158101527,1.5964848509254412
2020-03-02T00:00:00Z,12.717793785639811,0.12818228432631398,1.2767912354940063
2020-03-03T00:00:00Z,1.9999181999127684,0.2539480809583275,0.7126537651212406
2020-03-04T00:00:00Z,1.2250669931629712,1.4356170536377209,1.3261700747767786
2020-03-05T00:00:00Z,1.1650997187136016,1.6406164324756414,1.3825634683421526
2020-03-06T00:00:00Z,1.225630643691922,1.360744118217198,1.2914215769881425
2020-03-09T00:00:00Z,1.2308295834492033,2.367309258062555,1.7069722516773895
2020-03-10T00:00:00Z,2.09595083100585,0.5456420686505238,1.0694105606453568
2020-03-11T00:00:00Z,1.44605197507144,2.006517983872845,1.7033875934723992
2020-03-12T00:00:00Z,2.1082286253376994,0.6546016514482798,1.1747552680352595
2020-03-13T00:00:00Z,2.114249982121199,0.5581449347364478,1.0863047078456267
2020-03-16T00:00:00Z,2.06852689562075,1.49132043466326,1.7563702425997147
2020-03-17T00:00:00Z,2.344470441177397,0.3895071966787554,0.9556087636889967
2020-03-18T00:00:00Z,2.256774547993202,0.6817202894977655,1.240358415212762
2020-03-19T00:00:00Z,2.2587778862123407,0.592593698554369,1.1569518321016612
2020-03-20T00:00:00Z,2.0988305515483665,0.5704550149071177,1.0942067508341546
2020-03-23T00:00:00Z,2.118932475145661,1.1557375289457779,1.5649056785722926
2020-03-24T00:00:00Z,2.1673692582200634,0.8020093951734315,1.3184272857850605
2020-03-25T00:00:00Z,2.1907853870537757,0.8850859297885609,1.3924917670376666
2020-03-26T00:00:00Z,2.213470405090349,0.5213014450570465,1.0741905421128064
2020-03-27T00:00:00Z,2.165175344386678,0.5716017231641322,1.112482789891115
2020-03-30T00:00:00Z,2.150456294129588,0.5752681330262844,1.1122450168369156
2020-03-31T00:00:00Z,2.0932028255173503,0.49399272383665466,1.0168711645630915
2020-04-01T00:00:00Z,2.0506610672705907,0.47107499047003243,0.9828606934463093
2020-04-02T00:00:00Z,2.6862204249470687,0.47464966271200476,1.1291650094964971
2020-04-03T00:00:00Z,2.669737185418448,0.4019808111490112,1.0359455194889284
2020-04-07T00:00:00Z,2.613940724354185,0.6820983445978627,1.3352769903502897
2020-04-08T00:00:00Z,2.724055576909191,0.46969004259831776,1.1311329629882876
2020-04-09T00:00:00Z,2.6443774560869304,0.6605187117452919,1.3216129503991823
2020-04-10T00:00:00Z,2.645154309575002,0.6283498674261034,1.2892177317051758
2020-04-13T00:00:00Z,2.6035023598833544,0.581336783919047,1.230248628863385
2020-04-14T00:00:00Z,2.622743671290479,0.667635280536231,1.3232672469144862
2020-04-15T00:00:00Z,1.9725764703751845,0.6263161205441696,1.1115108827186968
2020-04-16T00:00:00Z,2.6215267637013833,0.6247957767493166,1.2798120372132495
2020-04-17T00:00:00Z,2.595801820185039,0.6242172136970892,1.2729274054343152
2020-04-20T00:00:00Z,2.5789610525712705,0.5496163504772481,1.190562540036089
2020-04-21T00:00:00Z,2.5696436031473677,0.6031586849151634,1.2449509453689445
2020-04-22T00:00:00Z,2.5455872278697536,0.7634525498666513,1.3940713970328578
2020-04-23T00:00:00Z,2.5206630281553233,0.8566457279367544,1.469460858491093
2020-04-24T00:00:00Z,2.2503340796207265,0.5640418062352622,1.1266243823484565
2020-04-27T00:00:00Z,2.450476330058978,0.779408436938726,1.3819992496982818
2020-04-28T00:00:00Z,2.218010256432684,0.4909797332097678,1.0435507098171357
2020-04-29T00:00:00Z,2.2154146342740737,0.46087017695855714,1.0104546177510743
2020-04-30T00:00:00Z,2.214428183778829,0.4920063171972707,1.0437972290626483
2020-05-06T00:00:00Z,2.2431595454761193,0.41240445376856527,0.9618154641446675
2020-05-07T00:00:00Z,3.0282900372013497,0.45463873234465,1.1733618127777785
2020-05-08T00:00:00Z,2.9603212152781535,0.4498402385916265,1.1539807631796026
2020-05-11T00:00:00Z,2.9980109852598034,0.37804954071946534,1.0646110444896673
2020-05-12T00:00:00Z,2.9846647166034193,0.3897194331697572,1.0785090827417536
2020-05-13T00:00:00Z,2.9489109760145347,0.35235435622682804,1.0193437244246066
2020-05-14T00:00:00Z,2.9400646662223915,0.37822077339006854,1.0545110392383035
2020-05-15T00:00:00Z,2.855389910108639,0.31053468992336786,0.9416462288704285
2020-05-18T00:00:00Z,2.964231430677995,0.3166438567982171,0.9688166352062588
2020-05-19T00:00:00Z,2.916727185402818,0.32498581241071584,0.9735989697655577
2020-05-20T00:00:00Z,2.93462589814267,0.28003174057425234,0.9065254536918257
2020-05-21T00:00:00Z,11.222265173203734,0.12015043150716703,1.1611890470755746
2020-05-22T00:00:00Z,11.105876661761744,0.13819902857782923,1.2388790764883626
2020-05-25T00:00:00Z,10.271678378231806,0.11696292112134643,1.0960864509412414
2020-05-26T00:00:00Z,10.207771951354427,0.19684420166947947,1.4175121588855832
2020-05-27T00:00:00Z,10.558905936332767,0.19584164346477193,1.4380102544006232
2020-05-28T00:00:00Z,10.082657414949281,0.18064639403533037,1.3495909396199182
2020-05-29T00:00:00Z,9.95672088564312,0.16958992181213167,1.2994458497765249
2020-06-01T00:00:00Z,10.22516381994823,0.19856069895192593,1.4248914607740708
2020-06-02T00:00:00Z,15.241256981136514,0.1644227341490845,1.583037947968174
2020-06-03T00:00:00Z,15.013754103234646,0.17780642683988873,1.633873303089585
2020-06-04T00:00:00Z,15.31378588864747,0.16746857864404302,1.601429972378123
2020-06-05T00:00:00Z,15.288544982072036,0.16431195531606801,1.5849576397941734
2020-06-08T00:00:00Z,14.997080226145451,0.15710504505555034,1.534964808922434
2020-06-09T00:00:00Z,14.701972218066214,0.15510427342240585,1.5100790438780205
2020-06-10T00:00:00Z,14.676744379071106,0.14465872640022667,1.4570927045243591
2020-06-11T00:00:00Z,14.467945346314243,0.1411868627314979,1.4292248995930916
2020-06-12T00:00:00Z,14.362331510862912,0.1294839422968806,1.3637049917783697
2020-06-15T00:00:00Z,14.898885145125002,0.1504197425958625,1.4970258743572278
2020-06-16T00:00:00Z,14.90174097944362,0.1407243717470803,1.44811537429513
2020-06-17T00:00:00Z,14.610081031234696,0.15199986087799894,1.490211489743642
2020-06-18T00:00:00Z,14.651516663369451,0.15255785623501,1.495059855910515
2020-06-19T00:00:00Z,14.88852888357024,0.1468718903943289,1.478751629693279
2020-06-22T00:00:00Z,2.2941885685828884,0.788593903089591,1.3450587785380614
2020-06-23T00:00:00Z,2.1874687865316442,0.7604636734110635,1.2897637570027682
2020-06-24T00:00:00Z,2.402530235258727,0.6932917434658457,1.290602330515458
2020-06-29T00:00:00Z,2.155524567863649,0.7171062832499961,1.243278010468598
2020-06-30T00:00:00Z,2.159831138886964,0.7013540872635036,1.230774714176953
2020-07-01T00:00:00Z,2.4660984236920047,0.7151275821577735,1.3279966126078635
2020-07-02T00:00:00Z,3.9019157063965886,0.7768142907853142,1.7409950839013142
2020-07-03T00:00:00Z,4.141542195545281,0.7452110249717048,1.7567933585102897
2020-07-06T00:00:00Z,4.052473197790944,0.7017934427638687,1.6864160569640014
2020-07-07T00:00:00Z,4.764520818399864,0.7292116003304026,1.863959186997635
2020-07-08T00:00:00Z,4.681155464341938,0.7253739805014643,1.8427122326928564
2020-07-09T00:00:00Z,4.637130424534043,0.7152318139491594,1.8211598515941203
2020-07-10T00:00:00Z,3.593819124839947,0.6214421966952633,1.494439979211606
2020-07-13T00:00:00Z,3.668476987337929,0.6364010785123266,1.5279472213527234
2020-07-14T00:00:00Z,4.660629573796262,0.9179100657479486,2.068342040986007
2020-07-15T00:00:00Z,4.857069086474677,0.8537005059920171,2.036291319227584
2020-07-16T00:00:00Z,4.662638556195368,0.8865307762431291,2.033118928780366
2020-07-17T00:00:00Z,5.101288356392707,0.8720932284319323,2.1092176350222234
2020-07-20T00:00:00Z,5.069814995917405,2.0013303691734707,3.1853374573851005
2020-07-21T00:00:00Z,3.7104908756399544,1.6244669015876552,2.455110917274432
2020-07-22T00:00:00Z,4.447467484231052,1.0793173909821174,2.1909424916136118
2020-07-23T00:00:00Z,4.162851301929827,1.014087610596167,2.054627929830888
2020-07-24T00:00:00Z,4.250809942541849,0.9514395780546556,2.011066587192615
2020-07-27T00:00:00Z,3.383376001747201,0.8873914179870722,1.7327373799205348
2020-07-28T00:00:00Z,4.529029725752626,1.5810989577494194,2.6759753696556356
2020-07-29T00:00:00Z,4.3576279518164505,1.2919097424006782,2.3726908784561855
2020-07-30T00:00:00Z,3.3165238590156254,1.1378618487379348,1.9426131806417328
2020-07-31T00:00:00Z,4.4893341194891025,0.9615028238271626,2.077620618157319
2020-08-03T00:00:00Z,4.411104881457165,0.9343716603198554,2.0301752121263203
2020-08-04T00:00:00Z,1.3085280123851615,0.8989305480775122,1.0845624939800245
2020-08-05T00:00:00Z,1.3079855544910326,0.8849148335423815,1.0758512068256798
2020-08-06T00:00:00Z,1.3420989523242066,0.8518851022104567,1.0692586699097901
2020-08-07T00:00:00Z,1.3360807918661848,0.82900472603772,1.0524339840699208
2020-08-10T00:00:00Z,1.332215987009022,0.8388945912625025,1.0571607190466854
2020-08-11T00:00:00Z,1.18812089669918,0.9256105407165383,1.0486835679223483
2020-08-12T00:00:00Z,1.2961728743541108,0.8922749151426699,1.075426678799882
2020-08-13T00:00:00Z,1.156314668315748,0.8931987669306598,1.0162769484365277
2020-08-14T00:00:00Z,1.1978674937450067,0.8793169484576936,1.0263065766409785
2020-08-17T00:00:00Z,1.2530210844096243,0.8390700870542955,1.025364574371697
2020-08-18T00:00:00Z,1.1977775691639658,0.8608261673067432,1.0154202450953025
2020-08-19T00:00:00Z,1.314866996532224,0.8011198761447837,1.0263362438347186
2020-08-20T00:00:00Z,1.1953077081197705,0.8412470260692568,1.0027706889879742
2020-08-21T00:00:00Z,1.1750131934797152,0.9906346677548687,1.0788923971047182
2020-08-24T00:00:00Z,1.086578185490798,0.9948472935470649,1.039701575964373
2020-08-25T00:00:00Z,1.1351829257697912,0.940249030733632,1.033128571698806
2020-08-26T00:00:00Z,1.095469896861457,0.9135636781312919,1.0003906778148524
2020-08-27T00:00:00Z,1.1322287595720395,0.8559726447098451,0.9844576404027885
2020-08-28T00:00:00Z,1.054103216929176,0.9550405304065346,1.003350036327938
2020-08-31T00:00:00Z,1.0929714432532773,0.9348105126969157,1.0108022532774075
2020-09-01T00:00:00Z,1.1272790743005585,0.8866246088030186,0.999736649455026
2020-09-02T00:00:00Z,1.2028826953354699,0.9252546906291028,1.0549752869786673
2020-09-03T00:00:00Z,1.2863005825337352,0.8821931758147996,1.065253770684649
2020-09-04T00:00:00Z,1.1993487980861333,0.897462316043678,1.0374826986868662
2020-09-07T00:00:00Z,1.265115525753195,0.9238267907613459,1.0810863129736343
2020-09-08T00:00:00Z,1.1873577237671435,1.0700105714867385,1.1271580707989781
2020-09-09T00:00:00Z,1.2351364700418968,1.3381023281497693,1.2855889646950731
2020-09-10T00:00:00Z,1.3856171043798813,1.2101161624048185,1.294896773072919
2020-09-11T00:00:00Z,1.286050362164324,1.4923668990714964,1.385373231671865
2020-09-14T00:00:00Z,1.2545057907246064,1.135090628974777,1.1933053955488904
2020-09-15T00:00:00Z,1.1859522917154843,1.0866559597083918,1.1352189769918648
2020-09-16T00:00:00Z,1.2403865955493982,0.941447496252273,1.0806289163097855
2020-09-17T00:00:00Z,1.282855764517826,0.909263769615235,1.0800251239291208
2020-09-18T00:00:00Z,1.2747832479384422,0.9656244694571288,1.1094872227580603
2020-09-21T00:00:00Z,1.3026772587880548,0.9802067475817506,1.1299969199008242
2020-09-22T00:00:00Z,1.2438987669271928,0.9182029513863,1.0687148913617364
2020-09-23T00:00:00Z,1.257864916257343,1.0622289494249064,1.1559154504177567
2020-09-24T00:00:00Z,1.2942381054359842,1.0905538214681059,1.1880388511209783
2020-09-25T00:00:00Z,1.2955691044820992,0.976415499472977,1.1247283024155863
2020-09-28T00:00:00Z,1.230452096680766,1.346270297491958,1.287059093533789
2020-09-29T00:00:00Z,1.2770340262151851,1.0594227941711627,1.1631504443985485
2020-09-30T00:00:00Z,1.306189199861823,0.9753734548538859,1.1287259510448313
2020-10-09T00:00:00Z,1.2414247546279995,0.9849421602778279,1.1057719383515183
2020-10-12T00:00:00Z,0.6782158897361941,0.9136293440715437,0.7871708445303202
2020-10-13T00:00:00Z,0.7758525459054916,0.9193802228665604,0.8445729610674138
2020-10-14T00:00:00Z,0.7078502449877645,0.9220128325791274,0.8078657124937275
2020-10-15T00:00:00Z,0.751470351938792,0.9229065703682615,0.8327886437994102
2020-10-16T00:00:00Z,0.7391013443937345,0.9691553536706824,0.846347461049176
2020-10-19T00:00:00Z,0.8286196887301884,0.8432769376109785,0.835916188117299
2020-10-20T00:00:00Z,0.7205064551110041,0.8576904767375428,0.7861116491800857
2020-10-21T00:00:00Z,0.7292604349704966,0.9594651295933834,0.836480697772695
2020-10-22T00:00:00Z,0.7345088191158813,0.930781157308008,0.8268415620356891
2020-10-23T00:00:00Z,0.7500089807333447,0.9055914212472334,0.8241369417824312
2020-10-26T00:00:00Z,0.6913057790085038,0.8172949860361578,0.7516653158164678
2020-10-27T00:00:00Z,0.6989628694092611,1.0201700621241485,0.8444293895333813
2020-10-28T00:00:00Z,0.6063468538080321,0.9557724496999231,0.7612684269243957
2020-10-29T00:00:00Z,0.6101833358730365,0.9464395643705852,0.759935293686158
2020-10-30T00:00:00Z,0.5972014260358838,0.91907912813357,0.7408612325943265
2020-11-02T00:00:00Z,0.6183943767108833,0.8912229699875054,0.7423794670085142
2020-11-03T00:00:00Z,1.1231936744010267,1.172691445319739,1.1476757440180254
2020-11-04T00:00:00Z,1.1392824685847958,1.0070225536854494,1.071113038331307
2020-11-05T00:00:00Z,1.1382623983032347,0.942747256579614,1.0359023859747145
2020-11-06T00:00:00Z,1.1907882766541265,0.9206181157992874,1.0470249565168934
2020-11-09T00:00:00Z,1.1569869120576164,0.8570007616509542,0.9957603450899031
2020-11-10T00:00:00Z,1.244981188351289,0.9214837969460137,1.0710882281905192
2020-11-11T00:00:00Z,1.228683587484867,0.8918055023026654,1.046779243158739
2020-11-12T00:00:00Z,1.22056671390481,0.8998953383409751,1.0480373542851902
2020-11-13T00:00:00Z,1.2388543199154027,1.093549637281683,1.1639367217286063
2020-11-16T00:00:00Z,1.2631725693553475,0.9726537577878637,1.1084356302095444
2020-11-17T00:00:00Z,1.224474516662119,1.1750219556056152,1.199493410218482
2020-11-18T00:00:00Z,1.2197662441127282,1.0099059064908036,1.1098869917552632
2020-11-19T00:00:00Z,1.2041152375413864,0.9496595712551323,1.0693453886492077
2020-11-20T00:00:00Z,1.2159758519403825,0.9370545945500345,1.0674435624062883
2020-11-23T00:00:00Z,1.1750724037235123,0.9275582750006617,1.0440058102322334
2020-11-24T00:00:00Z,1.2081436430786823,0.9171934502122692,1.0526639712402799
2020-11-25T00:00:00Z,1.2260798394769838,0.9252920079929959,1.0651205925290284
2020-11-26T00:00:00Z,1.2277482062701297,0.9406626777446263,1.0746613026001364
2020-11-27T00:00:00Z,1.192253055482042,1.2397102401124358,1.2157501065952772
2020-11-30T00:00:00Z,1.227154870271155,1.0095458580359524,1.1130449750351021
2020-12-01T00:00:00Z,1.2185214289826383,0.9781810873804948,1.0917575813332698
2020-12-02T00:00:00Z,1.0397736429501325,0.9991616451522585,1.019265394132466
2020-12-03T00:00:00Z,1.1061281081634708,0.9466539956412713,1.0232891054262574
2020-12-04T00:00:00Z,1.1004842920035214,0.9306892496990147,1.0120320647243883
2020-12-07T00:00:00Z,0.9965051119830468,0.9280319856816246,0.9616593044397359
2020-12-08T00:00:00Z,0.9939478913615655,0.8519562777495348,0.9202174448473569
2020-12-09T00:00:00Z,1.0414790218261478,1.013654382567099,1.027472517795863
2020-12-10T00:00:00Z,1.05964258164996,0.9567016082131461,1.0068573692413672
2020-12-11T00:00:00Z,1.091082559868516,1.0510243128417678,1.0708661437077205
2020-12-14T00:00:00Z,1.0998836470111881,0.9674066485939347,1.031520602217119
2020-12-15T00:00:00Z,1.0464875064972043,1.0590608262501524,1.052755395755059
2020-12-16T00:00:00Z,1.055945680983278,0.9662194959789225,1.010086780262361
2020-12-17T00:00:00Z,1.089752331560917,0.9312350438211,1.0073805439034826
2020-12-18T00:00:00Z,1.034331069990546,0.9169838749576953,0.9738916328571008
2020-12-21T00:00:00Z,1.065661327744083,0.9283054561817492,0.9946151139947148
2020-12-22T00:00:00Z,1.032115045860952,0.8714431441396819,0.9483826130201566
2020-12-23T00:00:00Z,1.0044932733401128,0.9261982765125888,0.9645516774834313
2020-12-24T00:00:00Z,1.0436726331406954,1.1361789668227773,1.088943935206493
2020-12-25T00:00:00Z,0.978723429038044,0.9907439249624381,0.98471533528114
2020-12-28T00:00:00Z,1.0331908165479482,0.9473385189068622,0.9893338455226854
2020-12-29T00:00:00Z,0.9987359488005063,0.9311314288086564,0.9643414493887446
2020-12-30T00:00:00Z,1.0145139545151431,0.9320059676658947,0.9723852425291323
2020-12-31T00:00:00Z,1.0270261508010334,0.9360509845427113,0.9804839823313884
2021-01-04T00:00:00Z,1.0526910435044492,0.9336211868742131,0.9913700930774934
2021-01-05T00:00:00Z,2.284663069830611,0.9268000891289372,1.4551377724286458
2021-01-06T00:00:00Z,2.2783526924089346,0.9365864621217884,1.4607786579933784
2021-01-07T00:00:00Z,2.3048767764460565,0.9328112888150197,1.4662929708610262
2021-01-08T00:00:00Z,2.3169856478915385,0.9292150720482649,1.4673029631743852
2021-01-11T00:00:00Z,2.301138007846779,0.9353076345337992,1.4670623527495312
2021-01-12T00:00:00Z,2.2734119601425324,0.9435984698197076,1.4646460483203154
2021-01-13T00:00:00Z,2.340887777345604,0.9886408317087475,1.5212814463904432
2021-01-14T00:00:00Z,2.290364509243596,0.9508231546404677,1.4757139316126153
2021-01-15T00:00:00Z,2.3781629036089202,0.955941520936698,1.5077747388489917
2021-01-18T00:00:00Z,2.3375073762735448,1.2399521648493397,1.7024680119055635
2021-01-19T00:00:00Z,2.3609951149739583,1.02813790053457,1.5580207189513564
2021-01-20T00:00:00Z,2.3973344285413916,0.9635318310591956,1.5198381596715282
2021-01-21T00:00:00Z,2.389676191141002,1.1116121487590789,1.629844497390061
2021-01-22T00:00:00Z,2.3973337987045564,0.9845130045450643,1.5362962933822548
2021-01-25T00:00:00Z,2.4068147573606717,0.9463623063715598,1.5092113055450358
2021-01-26T00:00:00Z,2.4303362005710984,0.9391575414327482,1.5107840914516406
2021-01-27T00:00:00Z,2.4323258906829737,0.9407919972981325,1.5127170035322515
2021-01-28T00:00:00Z,2.413863751911675,1.2588572403830287,1.743189565535589
2021-01-29T00:00:00Z,2.482070798409166,1.041356849574707,1.607706884681641
2021-02-01T00:00:00Z,2.4284672044005187,1.6047933517571749,1.9741296878833174
2021-02-02T00:00:00Z,1.6868843409240957,1.1470541793106166,1.3910239873095716
2021-02-03T00:00:00Z,1.6852109917497866,0.9966597488924691,1.2959868687097764
2021-02-04T00:00:00Z,1.669662404822673,0.9501443396885564,1.2595317713869094
2021-02-05T00:00:00Z,1.6616005502215527,0.9420455886644045,1.2511208848303033
2021-02-08T00:00:00Z,1.6627044868327836,0.9322125655720639,1.2449875563468782
2021-02-09T00:00:00Z,1.65806179959103,0.9287258393397952,1.2409209630360956
2021-02-10T00:00:00Z,1.648643431688268,0.9236530611896047,1.2340075171930696
2021-02-18T00:00:00Z,1.6685623434653731,0.9337015539000291,1.2481743679761625
2021-02-19T00:00:00Z,1.6591124216608464,0.9379650152933329,1.2474732093141216
2021-02-22T00:00:00Z,1.6553334148882979,0.9687283578233361,1.2663208205880672
2021-02-23T00:00:00Z,1.700717996984465,0.9428939149770803,1.266331966922047
2021-02-24T00:00:00Z,1.6886804097436598,1.3700102420600353,1.5210225037503393
2021-02-25T00:00:00Z,1.7052935137001282,1.0855051392064299,1.3605531496332217
2021-02-26T00:00:00Z,1.6858407137869973,1.281733118765375,1.4699652634752476
2021-03-01T00:00:00Z,1.7259576133813852,1.0455059946220602,1.3433164300542975
2021-03-02T00:00:00Z,2.13720887075341,1.2153606863283994,1.6116698297064471
2021-03-03T00:00:00Z,2.1027500208780396,1.0452611294492762,1.4825393289125481
2021-03-04T00:00:00Z,2.1044984960283015,1.107893689772838,1.5269448594779653
2021-03-05T00:00:00Z,2.2080176843543957,0.9706524621236303,1.4639732926973468
2021-03-08T00:00:00Z,2.2175247591037475,1.8745457699235286,2.038835858248187
2021-03-09T00:00:00Z,2.2695641316465296,1.3002364489745633,1.7178387605512113
2021-03-10T00:00:00Z,2.280861835874264,1.929647506403612,2.0979178616061063
2021-03-11T00:00:00Z,2.2555877979103705,1.7426542478339082,1.9826017394804327
2021-03-12T00:00:00Z,2.2957211886009716,1.2284322116291237,1.679326608196551
2021-03-15T00:00:00Z,2.25004051510545,1.1242412677426774,1.5904679818136982
2021-03-16T00:00:00Z,2.3034742350000914,0.962953043836501,1.4893413060787288
2021-03-17T00:00:00Z,2.2945332757147305,1.2576909638891045,1.69876830886654
2021-03-18T00:00:00Z,2.268147686275422,1.0343279308899747,1.5316685357146111
2021-03-19T00:00:00Z,2.256891725674434,1.1068250170144298,1.5805012567756254
2021-03-22T00:00:00Z,2.4167619416355266,0.9305374364703188,1.4996291080559063
2021-03-23T00:00:00Z,2.4007699188564375,1.5117386450296588,1.9050817998605716
2021-03-24T00:00:00Z,2.4283911531189077,1.1920202167125251,1.701379248904717
2021-03-25T00:00:00Z,2.4081694497143515,1.113023533891393,1.6371772265489033
2021-03-26T00:00:00Z,2.431640990929898,1.1620402802905674,1.680971379490505
2021-03-29T00:00:00Z,2.42076072686032,1.0245126146346664,1.5748332932982405
2021-03-30T00:00:00Z,2.429558351135383,0.946941421775027,1.5167891874975672
2021-03-31T00:00:00Z,2.4012784571700636,0.9094355005216376,1.4777712527953313
2021-04-01T00:00:00Z,2.4291091395960387,0.889907638160992,1.4702662266586926
2021-04-02T00:00:00Z,5.783887216439151,0.9506852930659587,2.3449214301167762
2021-04-06T00:00:00Z,5.658312961056304,0.9136424107804185,2.273691864499139
2021-04-07T00:00:00Z,5.395283927933335,0.9130525901873898,2.219499485288502
2021-04-08T00:00:00Z,5.406255643535841,0.8946365851780906,2.1992348868487617
2021-04-09T00:00:00Z,5.140773062157155,0.9442156105024256,2.203179106504767
2021-04-12T00:00:00Z,5.296451585612095,0.8794931138467142,2.158284665508317
2021-04-13T00:00:00Z,5.41557815918872,1.0434106546121784,2.3771142068025504
2021-04-14T00:00:00Z,5.3071105694082235,1.146885490360457,2.467113314745173
2021-04-15T00:00:00Z,5.339733121601733,1.0125323539917275,2.3252209674142796
2021-04-16T00:00:00Z,5.180480929197649,0.9394316142566486,2.206061549898808
2021-04-19T00:00:00Z,4.964538756844502,0.9543807596382694,2.1767085863778104
2021-04-20T00:00:00Z,5.143549142430579,0.9086413287952251,2.161860617038402
2021-04-21T00:00:00Z,5.455189866099112,0.8986070022677388,2.2140622873751026
2021-04-22T00:00:00Z,5.544768850806054,0.8942669514709225,2.2267697538859426
2021-04-23T00:00:00Z,4.4882018052145005,0.912421978292383,2.023643735959781
2021-04-26T00:00:00Z,4.0400781868792865,0.9092608182739477,1.9166337151611903
2021-04-27T00:00:00Z,5.150263375877151,0.8938718649251867,2.145617749891904
2021-04-28T00:00:00Z,5.128986824739569,0.9962250604809719,2.2604480108337563
2021-04-29T00:00:00Z,4.9841653551349,0.9337389436876504,2.1572921206615123
2021-04-30T00:00:00Z,5.072106076509331,0.8959516894777337,2.1317509255208065
2021-05-06T00:00:00Z,3.4206518960509746,0.8653094354634294,1.7204424899103075
2021-05-07T00:00:00Z,3.359896639784488,0.9275644939266742,1.7653670514450053
2021-05-10T00:00:00Z,1.848394750770643,0.9504829972415685,1.325468891674966
2021-05-11T00:00:00Z,3.4320409940925756,0.9667829962430399,1.8215484828842083
2021-05-12T00:00:00Z,3.3191645425644083,0.8841922839764578,1.7131198667296164
2021-05-13T00:00:00Z,3.1785884580026478,0.8775513572765183,1.6701420944170287
2021-05-14T00:00:00Z,1.4112200790160128,0.8781075228736774,1.113194937023317
2021-05-17T00:00:00Z,1.3109908012895113,0.9161331267515831,1.095920664066484
2021-05-18T00:00:00Z,1.5353745982820501,0.9115664403818975,1.183045205057167
2021-05-19T00:00:00Z,1.3995095401207438,0.8679343851161663,1.1021263322182744
2021-05-20T00:00:00Z,1.4652747161961948,0.8881432562492662,1.1407777424819472
2021-05-21T00:00:00Z,1.2834432057444807,0.8344912246655236,1.0349019724352435
2021-05-24T00:00:00Z,1.326662799104569,0.8516219916619521,1.0629276622786958
2021-05-25T00:00:00Z,2.216856480122543,1.037151358611712,1.5163164940757827
2021-05-26T00:00:00Z,3.1341617141481684,0.829855107332821,1.6127306364340097
2021-05-27T00:00:00Z,2.2193902462306556,0.8508715125656299,1.374196469135212
2021-05-28T00:00:00Z,2.1711334130987323,0.8250158217776278,1.3383644559672514
2021-05-31T00:00:00Z,3.008628773973471,0.8172751323835866,1.5680808268524413
2021-06-01T00:00:00Z,2.0976056243534362,0.7553476191810359,1.2587380245055435
2021-06-02T00:00:00Z,3.0637671966582123,0.7965027629429142,1.5621456517086147
2021-06-03T00:00:00Z,2.1943434423239023,0.72931538637986415,1.2650566925986273
2021-06-04T00:00:00Z,2.166862110619817,0.7250825398471473,1.2534567733538988
2021-06-07T00:00:00Z,2.112406301793944,0.7222604579803023,1.235195346078575
2021-06-08T00:00:00Z,2.109316366179091,0.7079524142836838,1.2220047520057253
2021-06-09T00:00:00Z,2.0796734365090566,0.6662730913696768,1.1771280514805043
2021-06-10T00:00:00Z,2.039134846855173,0.6849285744744402,1.181804435521237
2021-06-11T00:00:00Z,2.060947294991807,0.6515472698547824,1.1587944525956753
2021-06-15T00:00:00Z,2.0409056964965395,0.6797297719239332,1.177821872609712
2021-06-16T00:00:00Z,2.0393838969887557,0.7502884293885939,1.236982676108313
2021-06-17T00:00:00Z,2.044304635003804,0.7478050238608651,1.2364227741180995
2021-06-18T00:00:00Z,2.0323860541127936,0.8175504720408977,1.2890221789826783
2021-06-21T00:00:00Z,2.0230688221794386,0.7486141892909528,1.230649432696275
2021-06-22T00:00:00Z,2.014010773471424,0.7120837952996931,1.1975576960414067
2021-06-23T00:00:00Z,4.82610815580011,0.15471323121729255,0.8640965148569711
2021-06-24T00:00:00Z,4.551743380393174,0.1691922014609127,0.8775645178639903
2021-06-25T00:00:00Z,4.743657083439651,0.16135643115030834,0.8748826078878826
2021-06-28T00:00:00Z,4.7162790566993,0.14952686095724166,0.8397680648528063
2021-06-29T00:00:00Z,4.793888405339091,0.2051491219371002,0.9916965246585067
2021-06-30T00:00:00Z,4.686995227133772,0.1822187084329922,0.9241527020573574
2021-07-01T00:00:00Z,4.854635567255448,0.16794943378907878,0.9029580802965749
2021-07-02T00:00:00Z,2.4285702168806855,0.47898558739845126,1.0785407418688362
2021-07-05T00:00:00Z,1.888844128001235,0.31650964945397403,0.7731994521641025
2021-07-06T00:00:00Z,2.030423948217839,0.37178932234957174,0.8688440273088446
2021-07-07T00:00:00Z,2.1588266214079064,0.3457525310888568,0.8639558834418507
2021-07-08T00:00:00Z,2.1477010682085362,0.37406972462250515,0.8963202257877635
2021-07-09T00:00:00Z,2.0465432854739936,0.33866963688855906,0.8325275198863975
2021-07-12T00:00:00Z,2.1841234245923244,0.3480354134054674,0.8718671338033994
2021-07-13T00:00:00Z,2.2213778423606283,0.2739299339167826,0.780065308523621
2021-07-14T00:00:00Z,2.2461156026942977,0.3266557115396893,0.8565666876539759
2021-07-15T00:00:00Z,2.212606325261941,0.3304957636587828,0.855135671775946
2021-07-16T00:00:00Z,2.2211331357547777,0.3047969042026583,0.8227967571642459
2021-07-19T00:00:00Z,2.227530198305265,0.28203549727964905,0.7926175541738024
2021-07-20T00:00:00Z,1.0060813425086506,0.9085842218050922,0.9560908082686732
2021-07-21T00:00:00Z,1.0082295936902914,0.8841474477972249,0.9441523298996324
2021-07-22T00:00:00Z,1.001886996106243,0.8462961370780223,0.9208111069016366
2021-07-23T00:00:00Z,0.9761922915660811,1.0103955410415457,0.993146685337819
2021-07-26T00:00:00Z,0.9963008179926213,1.2864656297039256,1.1321248867476652
2021-07-27T00:00:00Z,1.040843947352929,1.1309122078549927,1.084943835658513
2021-07-28T00:00:00Z,1.09160984876511,1.265995437231931,1.1755735144065078
2021-07-29T00:00:00Z,1.0842648037246356,1.5221049930105846,1.2846652760524468
2021-07-30T00:00:00Z,1.080908584649565,1.4244919744625053,1.2408648612806032
2021-08-02T00:00:00Z,1.0753629614413074,1.3809807698735654,1.2186285612871273
2021-08-03T00:00:00Z,3.35957257418992,1.369904317041486,2.1452955443940467
2021-08-04T00:00:00Z,3.3599219109481946,1.3122255985280544,2.099756066928137
2021-08-05T00:00:00Z,3.35928706031466,1.2404903800211182,2.0413630941235708
2021-08-06T00:00:00Z,3.360901503817903,1.1845379815638506,1.9952732854341957
2021-08-09T00:00:00Z,3.3737797527741407,1.1467739915068265,1.9669679391270503
2021-08-10T00:00:00Z,3.344251017500753,1.1293128182727763,1.9433747815553684
2021-08-11T00:00:00Z,3.3776605037394614,1.097040006831082,1.9249490128560325
2021-08-12T00:00:00Z,3.3654102929248912,1.0499295628291332,1.8797456630063802
2021-08-13T00:00:00Z,3.3809702467074305,0.9913085660160416,1.830733395939028
2021-08-16T00:00:00Z,3.386472116287388,1.0505762509118568,1.8861991357613188
2021-08-17T00:00:00Z,3.394262019175932,1.0314086891347594,1.871061554246185
2021-08-18T00:00:00Z,3.407343583657466,0.9628951340433414,1.8113294997646272
2021-08-19T00:00:00Z,3.361947812637835,1.1632838168616373,1.9775994244474722
2021-08-20T00:00:00Z,3.573857674257714,1.1685926118278416,2.043620237192272
2021-08-23T00:00:00Z,3.6748166638173916,1.1666227697008698,2.070537320234908
2021-08-24T00:00:00Z,3.8379699201555306,1.4530908012135257,2.3615500812627737
2021-08-25T00:00:00Z,3.5298374942906863,1.1408597752852603,2.0067510086031994
2021-08-26T00:00:00Z,3.7937274216606314,1.2638639774298204,2.189692998670038
2021-08-27T00:00:00Z,3.622690200385727,1.1926151258301483,2.0785752642559445
2021-08-30T00:00:00Z,3.668608940112948,1.4309209849014055,2.29117644842219
2021-08-31T00:00:00Z,3.4549065966616705,1.1277326188538002,1.9738821809187437
2021-09-01T00:00:00Z,3.5233907404702305,1.2848799523131473,2.127706306470885
2021-09-02T00:00:00Z,0.848665017717889,1.2233114214378122,1.0189119732091763
2021-09-03T00:00:00Z,0.8512125319816843,1.1113205371769757,0.972609874663865
2021-09-06T00:00:00Z,0.8795410463772213,0.9653984601329965,0.9214703314791713
2021-09-07T00:00:00Z,0.8761741150566412,1.0334606096706744,0.9515731370336702
2021-09-08T00:00:00Z,0.8884374950348951,1.0115140029753789,0.9479804676237612
2021-09-09T00:00:00Z,0.9035803088641352,0.9319905546746253,0.91767549452481
2021-09-10T00:00:00Z,0.9308151142825204,0.9893742079996674,0.9596480951303913
2021-09-13T00:00:00Z,0.9430892078132979,0.9420360066029173,0.9425624601047656
2021-09-14T00:00:00Z,0.9466241671037251,0.9220488590995747,0.9342557108597597
2021-09-15T00:00:00Z,0.9534218667697898,0.8995453060002219,0.9260918771324653
2021-09-16T00:00:00Z,0.9517773364405074,0.9424248093970113,0.947089528441393
2021-09-17T00:00:00Z,0.9519496668645037,0.9462742213471841,0.9491077018831527
2021-09-22T00:00:00Z,1.0932292886929014,0.9124395227784651,0.9987520265122828
2021-09-23T00:00:00Z,1.084077454763993,0.7445524273161952,0.8984166629928977
2021-09-24T00:00:00Z,0.9812032972013695,0.940959997908623,0.960870986388149
2021-09-27T00:00:00Z,1.262416757089878,0.8042123037845308,1.0075966894325563
2021-09-28T00:00:00Z,1.2677536228432136,0.7538527954059909,0.9775989016291031
2021-09-29T00:00:00Z,1.3033978701070874,0.7569376949349645,0.9932728625015389
2021-09-30T00:00:00Z,1.3187699193978564,0.7060092299232358,0.9649164395117373
2021-10-08T00:00:00Z,1.3503072024577127,0.7627768786538471,1.014880836903773
2021-10-11T00:00:00Z,2.267306275129431,0.6699386922453412,1.2324594114533212
2021-10-12T00:00:00Z,2.214758384046465,0.7326385208631591,1.2738199663049259
2021-10-13T00:00:00Z,1.4217941167600425,0.8257449881650287,1.0835309714618817
2021-10-14T00:00:00Z,2.1982521304529667,0.707155173548052,1.2467980457206542
2021-10-15T00:00:00Z,2.171025748903368,0.7166416047416261,1.2473361121323716
2021-10-18T00:00:00Z,2.141160251232126,0.7414245095513317,1.2599637650109565
2021-10-19T00:00:00Z,2.1811171931336957,0.7083735646564477,1.2429986971166067
2021-10-20T00:00:00Z,2.1536459710548606,0.7279594740014443,1.2521050228612718
2021-10-21T00:00:00Z,2.140554383081848,0.7413674780420904,1.259737037876291
2021-10-22T00:00:00Z,2.1135476895659187,0.7289872315931533,1.2412692210220813
2021-10-25T00:00:00Z,2.121276703686476,0.6993332252022989,1.217981641378705
2021-10-26T00:00:00Z,2.0693182754014963,0.7010686377776321,1.2044642562002768
2021-10-27T00:00:00Z,2.049058696312634,0.7241046637080396,1.218085776212617
2021-10-28T00:00:00Z,2.01690820861964,0.7230599274328208,1.2076197675440634
2021-10-29T00:00:00Z,1.9977536857348244,0.8015804865476446,1.2654486838326044
2021-11-01T00:00:00Z,1.993401211502097,0.7888899356452068,1.2540231869694303
2021-11-02T00:00:00Z,1.8987914935157586,0.7820697783386598,1.2186006082573577
2021-11-03T00:00:00Z,1.9099403921437357,0.748431591523202,1.1956001536494485
2021-11-04T00:00:00Z,1.886517829227004,0.7725650509453389,1.2072521455131278
2021-11-05T00:00:00Z,1.8695317683092565,0.7491918915084695,1.1834855477507047
2021-11-08T00:00:00Z,1.8504458811420004,0.7281683343124622,1.1607911504687338
2021-11-09T00:00:00Z,1.829413116387684,0.700681777664677,1.1321821560480447
2021-11-10T00:00:00Z,1.827206748023691,0.673068131059312,1.1089790940100128
2021-11-11T00:00:00Z,1.3267690892895188,0.7352812164244702,0.987698531884696
2021-11-12T00:00:00Z,1.8215578608528085,0.6621360948676056,1.0982345872173522
2021-11-15T00:00:00Z,1.8248430648744796,0.6782290850937129,1.112502423516203
2021-11-16T00:00:00Z,1.2972987175610362,0.7155919788820936,0.9635022348187389
2021-11-17T00:00:00Z,1.774207109069745,0.6289320548456901,1.056340722886828
2021-11-18T00:00:00Z,1.2292344338900612,0.7013992441563485,0.9285386921509764
2021-11-19T00:00:00Z,1.776421897973318,0.6091019144759438,1.0402028547223554
2021-11-22T00:00:00Z,1.2537653035663392,0.7174875212680045,0.9484518753777863
2021-11-23T00:00:00Z,1.5860414955007396,0.7929666032250532,1.1214624100972823
2021-11-24T00:00:00Z,1.5689517713218235,0.778033792757106,1.1048517987922626
2021-11-25T00:00:00Z,1.5673406031662784,0.7631967826756251,1.093704395937667
2021-11-26T00:00:00Z,1.5078954889438865,0.7548380453605836,1.066872477610349
2021-11-29T00:00:00Z,1.4967438926804029,0.7562702082580566,1.0639280123327812
2021-11-30T00:00:00Z,1.501587726673864,0.7712806645563712,1.0761717240843622
2021-12-01T00:00:00Z,1.4739618712555098,0.7326007045747794,1.0391465273955098
2021-12-02T00:00:00Z,1.6519221793009102,0.6885130703592965,1.0664755091726625
2021-12-03T00:00:00Z,1.3653762411243895,0.6605602327690916,0.9496911327660768
2021-12-06T00:00:00Z,2.09744685527904,0.45601883035700413,0.9779955325461995
2021-12-07T00:00:00Z,1.3168265571118727,0.622690010055783,0.9055245673584533
2021-12-08T00:00:00Z,1.3042131279718316,0.6369230888448125,0.9114183748311057
2021-12-09T00:00:00Z,1.3653785182344444,0.6660530752676812,0.9536322986216865
2021-12-10T00:00:00Z,1.5347668898142306,0.6528072837382121,1.0009530481051405
2021-12-13T00:00:00Z,1.417187392245699,0.6828434254611447,0.9837261272536173
2021-12-14T00:00:00Z,1.3795888217122938,0.6852737394114611,0.972314759069837
2021-12-15T00:00:00Z,1.3897193491489361,0.678571141611561,0.971093942557397
2021-12-16T00:00:00Z,1.380048661577555,0.6950570420942855,0.9793939660127956
2021-12-17T00:00:00Z,1.3828423665111806,0.7596952148562434,1.0249579155941122
2021-12-20T00:00:00Z,1.4172427465148953,0.7476588938419316,1.0293756088837678
2021-12-21T00:00:00Z,1.7053645737893013,0.8308822090907025,1.1903600650118766
2021-12-22T00:00:00Z,1.853279380284261,0.8931425097313535,1.2865623175503207
2021-12-23T00:00:00Z,1.5963706448334722,0.883361325709172,1.1875066690942422
2021-12-24T00:00:00Z,1.549371858516627,0.8531811576435788,1.149736872449344
2021-12-27T00:00:00Z,1.527961601071642,0.8219092374649101,1.1206452402131801
2021-12-28T00:00:00Z,1.498881299303851,0.8232707626682626,1.110848842294521
2021-12-29T00:00:00Z,1.4601478837672799,0.8240989213584367,1.096953187714234
2021-12-30T00:00:00Z,1.5304162236063374,0.7749134339828275,1.0890087654641802
2021-12-31T00:00:00Z,1.6521577709945099,0.8644694449524195,1.1950899176486474
2022-01-04T00:00:00Z,1.466643151819997,0.8598333535213756,1.1229731517932866
2022-01-05T00:00:00Z,1.3776051309357762,0.8377877893973528,1.0743094327562868
2022-01-06T00:00:00Z,1.333974163556972,0.8299212150967171,1.0521850876755616
2022-01-07T00:00:00Z,1.3634923665371124,0.8124647855022151,1.052515811336097
2022-01-10T00:00:00Z,1.2911751155324391,0.8630045193729511,1.0555993368728436
2022-01-11T00:00:00Z,1.2596325743439123,0.8336366272412,1.0247320873473267
2022-01-12T00:00:00Z,1.2270543798294713,0.8116572553305987,0.9979717381137497
2022-01-13T00:00:00Z,1.2166832445498776,0.8598792189741484,1.022839497703565
2022-01-14T00:00:00Z,1.3064509574085081,0.8019916472578427,1.0236028308839493
2022-01-17T00:00:00Z,1.277567378654362,0.9120133530789034,1.0794250825280973
2022-01-18T00:00:00Z,1.2516406078418971,0.9168060289457275,1.07121970451572
2022-01-19T00:00:00Z,1.2523451078234162,0.8786704694121817,1.048998886442331
2022-01-20T00:00:00Z,1.219614462284537,0.8793708388184484,1.0356125688375282
2022-01-21T00:00:00Z,1.2233008652541597,0.8606714191131268,1.026089709382476
2022-01-24T00:00:00Z,1.2982109029287854,0.8490781083740037,1.0498964033319098
2022-01-25T00:00:00Z,1.2503650539586157,0.975597346365848,1.1044694783608173
2022-01-26T00:00:00Z,1.4875777330903655,0.8095347071401986,1.097381339601503
2022-01-27T00:00:00Z,1.4227277558070288,1.1265078020251786,1.265983379462144
2022-01-28T00:00:00Z,1.6077906009825027,0.9385338597224818,1.2283997388332664
2022-02-07T00:00:00Z,1.4931820104456526,1.18719104241931,1.3314249162092224
2022-02-08T00:00:00Z,1.720613730176451,1.1722410253207651,1.4202020994362137
2022-02-09T00:00:00Z,1.6682575750561401,1.1514935465296912,1.3859970532531507
2022-02-10T00:00:00Z,1.700423843585191,1.0211138313477444,1.3176973498638949
2022-02-11T00:00:00Z,1.5901791398264387,1.0841746389032594,1.3130239505480563
2022-02-14T00:00:00Z,1.551488348239387,1.0490447507712668,1.2757667136288329
2022-02-15T00:00:00Z,1.5314073290971308,1.0387884425429943,1.2612724663179384
2022-02-16T00:00:00Z,1.5148654081369963,1.0446426992195146,1.2579718156264486
2022-02-17T00:00:00Z,1.4699002778108927,1.0193636275642768,1.2240763372220909
2022-02-18T00:00:00Z,1.4286191109275146,0.9824239152681098,1.1846980967251761
2022-02-21T00:00:00Z,1.386695310491201,0.9460613002016245,1.1453814947111731
2022-02-22T00:00:00Z,2.0127596182084906,0.7018666899798884,1.1885659135938476
2022-02-23T00:00:00Z,2.056878377812282,0.5775244450546839,1.089907126176821
2022-02-24T00:00:00Z,2.0138113750449302,0.6963975360761064,1.184235314328755
2022-02-25T00:00:00Z,1.8951483333884778,0.7249003570219862,1.1720894605289007
2022-02-28T00:00:00Z,2.04798033470478,0.7073914406320052,1.2036294111365136
2022-03-01T00:00:00Z,1.8828182920376475,0.8192001525519673,1.2419360015978582
2022-03-02T00:00:00Z,1.3041791861626328,0.7926700545591914,1.0167515855165883
2022-03-03T00:00:00Z,1.3405457759382744,0.7150985177566904,0.9790925887567797
2022-03-04T00:00:00Z,1.3138967692263133,0.7790543754641083,1.011729720317593
2022-03-07T00:00:00Z,1.3494078116571149,1.013995812938139,1.1697409418184572
2022-03-08T00:00:00Z,1.5193870714403448,0.7426419567129536,1.0622431867227118
2022-03-09T00:00:00Z,1.477275764135708,0.998082713088963,1.214266611024588
2022-03-10T00:00:00Z,1.3760111682682274,1.2356643682995334,1.303950908206004
2022-03-11T00:00:00Z,1.4221901206143561,1.044912124787056,1.2190421242854188
2022-03-14T00:00:00Z,1.356142461284255,1.386637807193552,1.3713053667062145
2022-03-15T00:00:00Z,1.438590875158944,1.556537632353471,1.4964026312277088
2022-03-16T00:00:00Z,1.5125652607598055,1.7675029724730167,1.6350729630363225
2022-03-17T00:00:00Z,1.5841062213236776,2.2065310127292292,1.8695934062806294
2022-03-18T00:00:00Z,1.6676830000735514,2.031162374134309,1.8404713966081685
2022-03-21T00:00:00Z,1.4811888599776124,2.1812037928260133,1.7974356064334562
2022-03-22T00:00:00Z,1.4513748449167703,1.634770366817739,1.5403456065489418
2022-03-23T00:00:00Z,1.6417275942284877,1.3158274310647307,1.4697721601737295
2022-03-24T00:00:00Z,1.0006596144960163,1.324874589056345,1.1514115231057442
2022-03-25T00:00:00Z,1.2928848699047317,1.2628604075487961,1.277784455110314
2022-03-28T00:00:00Z,1.0053416308331842,1.0935727601159904,1.0485295523206564
2022-03-29T00:00:00Z,1.051515226877121,1.1656356358662583,1.1071059660682738
2022-03-30T00:00:00Z,1.2623057971726865,1.079755352498515,1.167467961439248
2022-03-31T00:00:00Z,1.3660667910095559,1.2011493909651405,1.2809567885135047
2022-04-01T00:00:00Z,0.9345487868980372,1.0626555315915303,0.9965457530587111
2022-04-06T00:00:00Z,1.0646035682550579,0.9309851740677703,0.99555519098898
2022-04-07T00:00:00Z,0.9500163315503566,0.9631354692181826,0.9565534095139117
2022-04-08T00:00:00Z,1.4138510055410995,1.0492287166802512,1.2179708847591433
2022-04-11T00:00:00Z,1.0156714827721434,1.019967986308237,1.0178174674438458
2022-04-12T00:00:00Z,1.450616977484661,1.0669514525803367,1.2440811433604146
2022-04-13T00:00:00Z,1.4340728769918458,1.4739131426714736,1.4538565475819727
2022-04-14T00:00:00Z,1.4460926477751312,1.4212412435432094,1.4336130973880714
2022-04-15T00:00:00Z,1.4371724616628148,1.3475295425135085,1.3916293866462814
2022-04-18T00:00:00Z,1.4365737953171207,1.2880293403010625,1.3602754125088437
2022-04-19T00:00:00Z,1.4784201718270178,1.0897841158504031,1.269314310882024
2022-04-20T00:00:00Z,1.4788437941897308,0.9923321395507628,1.211405888358507
2022-04-21T00:00:00Z,1.4790817320052025,1.0224110023302753,1.2297273828568016
2022-04-22T00:00:00Z,1.271958379620513,1.1800018786520357,1.2251176586432033
2022-04-25T00:00:00Z,0.9254775978344721,1.7771297496818927,1.2824561480907544
2022-04-26T00:00:00Z,1.3187761279949912,1.354308747739316,1.3364243511899208
2022-04-27T00:00:00Z,1.3218784572845828,3.1825653241720087,2.0510886233714776
2022-04-28T00:00:00Z,1.8815325754269745,2.1419803708187666,2.0075372583393465
2022-04-29T00:00:00Z,1.30470987184738,2.7958094243242755,1.9099005617360874
2022-05-05T00:00:00Z,1.279604425696842,2.614810502331983,1.8291864560898619
2022-05-06T00:00:00Z,1.856574585653652,1.8349151766763523,1.8457131098433193
2022-05-09T00:00:00Z,1.9721695446406493,1.6375335118545413,1.797079219291118
2022-05-10T00:00:00Z,1.2361435808059447,2.588818821100738,1.7888968018232048
2022-05-11T00:00:00Z,1.7129676419361752,1.9958476466490567,1.849005796893103
2022-05-12T00:00:00Z,1.2795354205428415,2.3846007608393536,1.7467630455638115
2022-05-13T00:00:00Z,1.5234986280173703,1.7757329039637084,1.6447877197115774
2022-05-16T00:00:00Z,1.2478961697899522,2.1486774717256956,1.6374756141941331
2022-05-17T00:00:00Z,1.2347250667843275,1.9521817587258237,1.5525487922825127
2022-05-18T00:00:00Z,1.2136973275639222,1.960369034738886,1.542496242621567
2022-05-19T00:00:00Z,1.3954838009801191,1.5036558050380493,1.4485604295921928
2022-05-20T00:00:00Z,1.157060266677783,1.637302721528734,1.3763930846979349
2022-05-23T00:00:00Z,1.121868132467662,1.5970187661596524,1.3385232387625323
2022-05-24T00:00:00Z,1.1402959904760996,1.5075690607061054,1.3111349874398865
2022-05-25T00:00:00Z,1.2410214250694627,1.4231835935494368,1.3289850756882866
2022-05-26T00:00:00Z,1.1793802724724967,1.7426964810567183,1.4336323973269904
2022-05-27T00:00:00Z,1.3162879631664477,1.486352568010115,1.3987380005895504
2022-05-30T00:00:00Z,1.4656912666627724,1.1645772729136312,1.3064879403436747
2022-05-31T00:00:00Z,1.502593082972617,0.9426057350706649,1.1901062378995837
2022-06-01T00:00:00Z,1.5733746880243895,1.1141228175107862,1.3239836254357102
2022-06-02T00:00:00Z,1.4938729694625323,0.8672272704354966,1.1382123605392633
2022-06-06T00:00:00Z,1.4828355796508776,0.9148913276242043,1.1647460719466702
2022-06-07T00:00:00Z,1.458693742032907,0.9453549075897798,1.1743011912202546
2022-06-08T00:00:00Z,1.5290999432601429,0.8176741809838899,1.1181706237188267
2022-06-09T00:00:00Z,1.5525639964305407,0.8406721109726815,1.142452297603469
2022-06-10T00:00:00Z,1.5285181052929284,0.793778617066701,1.1015012427504722
2022-06-13T00:00:00Z,1.4788919134527598,0.8063960191874886,1.0920497020817659
2022-06-14T00:00:00Z,1.5394509632588511,0.8122445873643999,1.1182176498427814
2022-06-15T00:00:00Z,1.4561222977678987,1.002029770945226,1.2079229662940445
2022-06-16T00:00:00Z,1.4907104131507831,0.8340366258472613,1.115036807957323
2022-06-17T00:00:00Z,1.461929337984907,0.8088514114570012,1.0874206216912992
2022-06-20T00:00:00Z,1.5292432003466465,0.7602380819491865,1.0782341663411386
2022-06-21T00:00:00Z,1.5120243666473807,0.7530860457512413,1.0670915852718552
2022-06-22T00:00:00Z,1.4017120473925049,0.8160130105266493,1.0694929956218653
2022-06-23T00:00:00Z,1.4637264971117627,0.6846130707061935,1.001042602420948
2022-06-24T00:00:00Z,1.503451922368409,0.7826566311985091,1.0847518687376305
2022-06-27T00:00:00Z,1.4557809599035787,0.7691058288886876,1.058134973359737
2022-06-28T00:00:00Z,1.5296648999036346,0.7200151096672687,1.0494674080972153
2022-06-29T00:00:00Z,1.4188944527760496,0.7205717550669926,1.0111455217186387
2022-06-30T00:00:00Z,1.4796807398947425,0.6994081920986989,1.0173007574818014
